"","X.6","X.5","X.4","X.3","X.2","X.1","X","Site","Partition","X.alpha.","X.beta..sup....sup.","p.sup....sup.","X.beta..sup....sup..1","p.sup....sup..1","LRT","p.value","X..branches.under.selection","Total.branch.length","wtnt_codon","consensus_codon","consensus_AA","potential_CpG","makesCpG","last_nuc","graphit4"
"1",1,1,1,1,1,1,1,1,1,0,0,1,0,0,0,1,0,0,"atg","atg","M","no",1,"g","0"
"2",2,2,2,2,2,2,2,2,1,0,0,1,0,0,0,1,0,0,"gca","gca","A","no",1,"a","0"
"3",3,3,3,3,3,3,3,3,1,0,0,1,0,0,0,1,0,0,"ata","ata","I","no",0,"a","0"
"4",4,4,4,4,4,4,4,4,1,0,0,0.99,1816.49,0.01,15.15,0,1,7.88,"tac","tac","Y","no",0,"c","0"
"5",5,5,5,5,5,5,5,5,1,3.82,0,0.01,0,0.99,0,0.67,0,0.68,"tta","tta","L","no",0,"a","0"
"6",6,6,6,6,6,6,6,6,1,0,0,1,0,0,0,1,0,0,"agc","agc","S","no",0,"c","0"
"7",7,7,7,7,7,7,7,7,1,0,0,1,0,0,0,1,0,0,"agt","agt","S","no",1,"t","0"
"8",8,8,8,8,8,8,8,8,1,1.35,0,0.23,0,0.77,0,0.67,0,0.24,"gtg","gtg","V","no",1,"g","0"
"9",9,9,9,9,9,9,9,9,1,0,0,1,0,0,0,1,0,0,"gct","gct","A","no",0,"t","0"
"10",10,10,10,10,10,10,10,10,1,4.98,0,0.04,0,0.96,0,0.67,0,0.89,"tct","tct","S","no",0,"t","0"
"11",11,11,11,11,11,11,11,11,1,1.85,0,0.01,0,0.99,0,0.67,0,0.33,"aag","aag","K","no",0,"g","0"
"12",12,12,12,12,12,12,12,12,1,0,0,1,0,0,0,1,0,0,"ctt","ctt","L","no",1,"t","0"
"13",13,13,13,13,13,13,13,13,1,0,0,1,0,0,0,1,0,0,"gac","gac","D","no",0,"c","0"
"14",14,14,14,14,14,14,14,14,1,0,0,0.46,2,0.54,0.52,0.42,1,0.51,"ttt","ttt","F","yes",0,"t","3"
"15",15,15,15,15,15,15,15,15,1,4.37,0,0.05,0,0.95,0,0.67,0,0.78,"acc","acc","T","no",0,"c","0"
"16",16,16,16,16,16,16,16,16,1,0,0,1,0,0,0,1,0,0,"ggg","ggg","G","no",0,"g","0"
"17",17,17,17,17,17,17,17,17,1,0,0,1,0,0,0,1,0,0,"ggg","ggg","G","no",0,"g","0"
"18",18,18,18,18,18,18,18,18,1,0,0,0.17,0.89,0.83,0.59,0.41,1,0.35,"cca","cca","P","no",1,"a","0"
"19",19,19,19,19,19,19,19,19,1,2.39,0,0.01,0,0.99,0,0.67,0,0.43,"cta","cta","L","no",0,"a","0"
"20",20,20,20,20,20,20,20,20,1,0,0,1,0,0,0,1,0,0,"gca","gca","A","no",1,"a","0"
"21",21,21,21,21,21,21,21,21,1,0,0,1,0,0,0,1,0,0,"ggg","ggg","G","no",0,"g","0"
"22",22,22,22,22,22,22,22,22,1,2.05,0,0.02,0,0.98,0,0.67,0,0.37,"tgc","tgc","C","no",1,"c","0"
"23",23,23,23,23,23,23,23,23,1,0,0,1,0,0,0,1,0,0,"ttg","ttg","L","no",1,"g","0"
"24",24,24,24,24,24,24,24,24,1,0,0,1,0,0,0,1,0,0,"tac","tac","Y","no",0,"c","0"
"25",25,25,25,25,25,25,25,25,1,3.65,0,0.01,0,0.99,0,0.67,0,0.65,"ttt","ttt","F","yes",0,"t","3"
"26",26,26,26,26,26,26,26,26,1,0,0,1,0,0,0,1,0,0,"ttt","ttt","F","yes",0,"t","3"
"27",27,27,27,27,27,27,27,27,1,0,0,1,0,0,0,1,0,0,"caa","caa","Q","yes",1,"a","2"
"28",28,28,28,28,28,28,28,28,1,2.13,1.84,0.49,0.01,0.51,0,0.67,0,0.81,"gta","gta","V","no",0,"a","0"
"29",29,29,29,29,29,29,29,29,1,3.15,0,0.02,0,0.98,0,0.67,0,0.56,"gaa","gaa","E","yes",0,"a","1"
"30",30,30,30,30,30,30,30,30,1,0,0,1,0,0,0,1,0,0,"tgt","tgt","C","yes",1,"t","4"
"31",31,31,31,31,31,31,31,31,1,0,0,1,0,0,0,1,0,0,"aac","aac","N","no",0,"c","0"
"32",32,32,32,32,32,32,32,32,1,3.17,0,0.29,0,0.71,0,0.67,0,0.57,"aaa","aaa","K","yes",1,"a","2"
"33",33,33,33,33,33,33,33,33,1,0,0,1,0,0,0,1,0,0,"ttt","ttt","F","yes",1,"t","4"
"34",34,34,34,34,34,34,34,34,1,3.16,0,0.02,0,0.98,0,0.67,0,0.57,"gaa","gaa","E","yes",0,"a","1"
"35",35,35,35,35,35,35,35,35,1,0,0,1,0,0,0,1,0,0,"gaa","gaa","E","yes",0,"a","1"
"36",36,36,36,36,36,36,36,36,1,0,0,1,0,0,0,1,0,0,"ggc","ggc","G","no",0,"c","0"
"37",37,37,37,37,37,37,37,37,1,0,0,1,0,0,0,1,0,0,"tat","tat","Y","yes",0,"t","3"
"38",38,38,38,38,38,38,38,38,1,0,0,1,0,0,0,1,0,0,"cat","cat","H","yes",1,"t","4"
"39",39,39,39,39,39,39,39,39,1,2.96,0,0.05,0,0.95,0,0.67,0,0.53,"att","att","I","no",0,"t","0"
"40",40,40,40,40,40,40,40,40,1,0,0,1,0,0,0,1,0,0,"cat","cat","H","yes",1,"t","4"
"41",41,41,41,41,41,41,41,41,1,0,0,1,0,0,0,1,0,0,"gtg","gtg","V","no",1,"g","0"
"42",42,42,42,42,42,42,42,42,1,0,0,1,0,0,0,1,0,0,"gtt","gtt","V","no",0,"t","0"
"43",43,43,43,43,43,43,43,43,1,0,0,1,0,0,0,1,0,0,"att","att","I","no",1,"t","0"
"44",44,44,44,44,44,44,44,44,1,1.36,0,0.04,0,0.96,0,0.67,0,0.24,"ggg","ggg","G","no",0,"g","0"
"45",45,45,45,45,45,45,45,45,1,0,0,1,0,0,0,1,0,0,"ggg","ggg","G","no",0,"g","0"
"46",46,46,46,46,46,46,46,46,1,6.67,0,0.04,0,0.96,0,0.67,0,1.19,"cca","cca","P","no",1,"a","0"
"47",47,47,47,47,47,47,47,47,1,0,0,1,0,0,0,1,0,0,"ggg","ggg","G","no",0,"g","0"
"48",48,48,48,48,48,48,48,48,1,0,0,1,0,0,0,1,0,0,"tta","tta","L","no",0,"a","0"
"49",49,49,49,49,49,49,49,49,1,2.06,0,0.03,0,0.97,0,0.67,0,0.37,"aac","aac","N","no",0,"c","0"
"50",50,50,50,50,50,50,50,50,1,0,0,1,0,0,0,1,0,0,"ccc","ccc","P","no",0,"c","0"
"51",51,51,51,51,51,51,51,51,1,0,0,1,0,0,0,1,0,0,"aga","aga","R","no",1,"a","0"
"52",52,52,52,52,52,52,52,52,1,2.17,0,0.02,0,0.98,0,0.67,0,0.39,"aac","aac","N","no",0,"c","0"
"53",53,53,53,53,53,53,53,53,1,10.06,10.06,0.11,0,0.89,0,0.67,0,2.31,"ctc","ctc","L","no",0,"c","0"
"54",54,54,54,54,54,54,54,54,1,2.17,0,0.05,0,0.95,0,0.67,0,0.39,"aca","aca","T","no",1,"a","0"
"55",55,55,55,55,55,55,55,55,1,0,0,0,0.88,1,0.99,0.32,1,0.42,"gtg","gtg","V","no",1,"g","0"
"56",56,56,56,56,56,56,56,56,1,0,0,1,0,0,0,1,0,0,"tgt","tgt","C","yes",1,"t","4"
"57",57,57,57,57,57,57,57,57,1,0,0,1,0,0,0,1,0,0,"gta","gta","V","no",0,"a","0"
"58",58,58,58,58,58,58,58,58,1,1.66,0,0.02,0,0.98,0,0.67,0,0.3,"gag","gag","E","no",0,"g","0"
"59",59,59,59,59,59,59,59,59,1,0,0,1,0,0,0,1,0,0,"ggg","ggg","G","no",0,"g","0"
"60",60,60,60,60,60,60,60,60,1,1.71,0,0.04,0,0.96,0,0.67,0,0.31,"tta","tta","L","no",0,"a","0"
"61",61,61,61,61,61,61,61,61,1,3.34,0,0.02,0,0.98,0,0.67,0,0.6,"ttt","ttt","F","yes",0,"t","3"
"62",62,62,62,62,62,62,62,62,1,2.81,0,0.01,0,0.99,0,0.67,0,0.5,"aat","aat","N","yes",0,"t","3"
"63",63,63,63,63,63,63,63,63,1,0,0,1,0,0,0,1,0,0,"aat","aat","N","yes",1,"t","4"
"64",64,64,64,64,64,64,64,64,1,1.93,0,0.03,0,0.97,0,0.67,0,0.34,"gta","gta","V","no",0,"a","0"
"65",65,65,65,65,65,65,65,65,1,0,0,1,0,0,0,1,0,0,"ctt","ctt","L","no",0,"t","0"
"66",66,66,66,66,66,66,66,66,1,0,0,1,0,0,0,1,0,0,"tat","tat","Y","yes",0,"t","3"
"67",67,67,67,67,67,67,67,67,1,0,0,0.99,100.91,0.01,1.22,0.28,1,0.71,"cac","cac","H","no",1,"c","0"
"68",68,68,68,68,68,68,68,68,1,0,0,0.68,2.59,0.32,0.64,0.39,1,0.39,"ctt","ctt","L","no",1,"t","0"
"69",69,69,69,69,69,69,69,69,1,1.91,0,0.01,0,0.99,0,0.67,0,0.34,"gta","gta","V","no",0,"a","0"
"70",70,70,70,70,70,70,70,70,1,0,0,1,0,0,0,1,0,0,"act","act","T","no",1,"t","0"
"71",71,71,71,71,71,71,71,71,1,0,0,0.77,10.49,0.23,1.62,0.22,3,1.14,"gaa","gaa","E","yes",0,"a","1"
"72",72,72,72,72,72,72,72,72,1,0,0,1,0,0,0,1,0,0,"aat","aat","N","yes",1,"t","4"
"73",73,73,73,73,73,73,73,73,1,9.06,0,0.07,0,0.93,0,0.67,0,1.62,"gta","gta","V","no",0,"a","0"
"74",74,74,74,74,74,74,74,74,1,0,0,1,0,0,0,1,0,0,"aag","aag","K","no",0,"g","0"
"75",75,75,75,75,75,75,75,75,1,1.03,0,0.04,0,0.96,0,0.67,0,0.19,"cta","cta","L","no",0,"a","0"
"76",76,76,76,76,76,76,76,76,1,0,0,1,0,0,0,1,0,0,"aaa","aaa","K","yes",0,"a","1"
"77",77,77,77,77,77,77,77,77,1,5.52,0,0.01,0,0.99,0,0.67,0,0.99,"ttt","ttt","F","yes",0,"t","3"
"78",78,78,78,78,78,78,78,78,1,0,0,1,0,0,0,1,0,0,"ttg","ttg","L","no",1,"g","0"
"79",79,79,79,79,79,79,79,79,1,0,0,1,0,0,0,1,0,0,"cca","cca","P","no",1,"a","0"
"80",80,80,80,80,80,80,80,80,1,0,0,1,0,0,0,1,0,0,"gga","gga","G","no",0,"a","0"
"81",81,81,81,81,81,81,81,81,1,0,0,1,0,0,0,1,0,0,"atg","atg","M","no",1,"g","0"
"82",82,82,82,82,82,82,82,82,1,0,0,1,0,0,0,1,0,0,"act","act","T","no",0,"t","0"
"83",83,83,83,83,83,83,83,83,1,0,0,1,0,0,0,1,0,0,"aca","aca","T","no",1,"a","0"
"84",84,84,84,84,84,84,84,84,1,0,0,1,0,0,0,1,0,0,"aaa","aaa","K","yes",0,"a","1"
"85",85,85,85,85,85,85,85,85,1,0,0,1,0,0,0,1,0,0,"ggc","ggc","G","no",0,"c","0"
"86",86,86,86,86,86,86,86,86,1,0,0,1,0,0,0,1,0,0,"aaa","aaa","K","yes",1,"a","2"
"87",87,87,87,87,87,87,87,87,1,0,0,1,0,0,0,1,0,0,"tac","tac","Y","no",0,"c","0"
"88",88,88,88,88,88,88,88,88,1,3.27,0,0.01,0,0.99,0,0.67,0,0.59,"ttt","ttt","F","yes",0,"t","3"
"89",89,89,89,89,89,89,89,89,1,0,0,1,0,0,0,1,0,0,"aga","aga","R","no",0,"a","0"
"90",90,90,90,90,90,90,90,90,1,0,0,1,0,0,0,1,0,0,"gat","gat","D","yes",1,"t","4"
"91",91,91,91,91,91,91,91,91,1,3.87,0,0.01,0,0.99,0,0.67,0,0.69,"gga","gga","G","no",0,"a","0"
"92",92,92,92,92,92,92,92,92,1,0,0,1,0,0,0,1,0,0,"gag","gag","E","no",0,"g","0"
"93",93,93,93,93,93,93,93,93,1,0,0,1,0,0,0,1,0,0,"cag","cag","Q","no",1,"g","0"
"94",94,94,94,94,94,94,94,94,1,3.27,0,0.02,0,0.98,0,0.67,0,0.59,"ttt","ttt","F","yes",0,"t","3"
"95",95,95,95,95,95,95,95,95,1,0,0,1,0,0,0,1,0,0,"ata","ata","I","no",0,"a","0"
"96",96,96,96,96,96,96,96,96,1,0,0,1,0,0,0,1,0,0,"gaa","gaa","E","yes",0,"a","1"
"97",97,97,97,97,97,97,97,97,1,0,0,1,0,0,0,1,0,0,"aac","aac","N","no",0,"c","0"
"98",98,98,98,98,98,98,98,98,1,3.25,0,0.02,0,0.98,0,0.67,0,0.58,"tat","tat","Y","yes",0,"t","3"
"99",99,99,99,99,99,99,99,99,1,0,0,1,0,0,0,1,0,0,"tta","tta","L","no",0,"a","0"
"100",100,100,100,100,100,100,100,100,1,0,0,1,0,0,0,1,0,0,"atg","atg","M","no",1,"g","0"
"101",101,101,101,101,101,101,101,101,1,0,0,1,0,0,0,1,0,0,"aaa","aaa","K","yes",0,"a","1"
"102",102,102,102,102,102,102,102,102,1,0,0,1,0,0,0,1,0,0,"aaa","aaa","K","yes",0,"a","1"
"103",103,103,103,103,103,103,103,103,1,5.6,0,0.01,0,0.99,0,0.67,0,1,"ata","ata","I","no",0,"a","0"
"104",104,104,104,104,104,104,104,104,1,0,0,1,0,0,0,1,0,0,"cct","cct","P","no",0,"t","0"
"105",105,105,105,105,105,105,105,105,1,8.32,0,0.01,0,0.99,0,0.67,0,1.49,"tta","tta","L","no",0,"a","0"
"106",106,106,106,106,106,106,106,106,1,0,0,1,0,0,0,1,0,0,"aat","aat","N","yes",1,"t","4"
"107",107,107,107,107,107,107,107,107,1,0,0,1,0,0,0,1,0,0,"gtt","gtt","V","no",1,"t","0"
"108",108,108,108,108,108,108,108,108,1,4.09,0,0.02,0,0.98,0,0.67,0,0.73,"gta","gta","V","no",0,"a","0"
"109",109,109,109,109,109,109,109,109,1,0,0,1,0,0,0,1,0,0,"tgg","tgg","W","no",1,"g","0"
"110",110,110,110,110,110,110,110,110,1,0,0,1,0,0,0,1,0,0,"tgt","tgt","C","yes",1,"t","4"
"111",111,111,111,111,111,111,111,111,1,0,0,1,0,0,0,1,0,0,"gtt","gtt","V","no",0,"t","0"
"112",112,112,112,112,112,112,112,112,1,0,0,1,0,0,0,1,0,0,"act","act","T","no",0,"t","0"
"113",113,113,113,113,113,113,113,113,1,0,0,1,0,0,0,1,0,0,"aat","aat","N","yes",0,"t","3"
"114",114,114,114,114,114,114,114,114,1,0,0,1,0,0,0,1,0,0,"att","att","I","no",1,"t","0"
"115",115,115,115,115,115,115,115,115,1,0,0,1,0,0,0,1,0,0,"gat","gat","D","yes",1,"t","4"
"116",116,116,116,116,116,116,116,116,1,3.91,0,0.04,0,0.96,0,0.67,0,0.7,"gga","gga","G","no",0,"a","0"
"117",117,117,117,117,117,117,117,117,1,3.3,0,0.04,0,0.96,0,0.67,0,0.59,"tat","tat","Y","yes",0,"t","3"
"118",118,118,118,118,118,118,118,118,1,0,0,1,0,0,0,1,0,0,"ata","ata","I","no",0,"a","0"
"119",119,119,119,119,119,119,119,119,1,3.27,0,0.02,0,0.98,0,0.67,0,0.59,"gat","gat","D","yes",0,"t","3"
"120",120,120,120,120,120,120,120,120,1,1.24,0,0.01,0,0.99,0,0.67,0,0.22,"acc","acc","T","no",0,"c","0"
"121",121,121,121,121,121,121,121,121,1,0,0,1,0,0,0,1,0,0,"tgt","tgt","C","yes",1,"t","4"
"122",122,122,122,122,122,122,122,122,1,0,0,1,0,0,0,1,0,0,"att","att","I","no",0,"t","0"
"123",123,123,123,123,123,123,123,123,1,0,0,1,0,0,0,1,0,0,"tct","tct","S","no",1,"t","0"
"124",124,124,124,124,124,124,124,124,1,0,0,1,0,0,0,1,0,0,"gct","gct","A","no",0,"t","0"
"125",125,125,125,125,125,125,125,125,1,0,0,1,0,0,0,1,0,0,"act","act","T","no",0,"t","0"
"126",126,126,126,126,126,126,126,126,1,3.32,0,0.11,0,0.89,0,0.67,0,0.6,"ttt","ttt","F","yes",0,"t","3"
"127",127,127,127,127,127,127,127,127,1,0,0,1,0,0,0,1,0,0,"aga","aga","R","no",0,"a","0"
"128",128,128,128,128,128,128,128,128,1,0,0,1,0,0,0,1,0,0,"agg","agg","R","no",0,"g","0"
"129",129,129,129,129,129,129,129,129,1,1.94,1.08,0.61,0,0.39,0,0.67,0,0.67,"gga","gga","G","no",0,"a","0"
"130",130,130,130,130,130,130,130,130,1,2.23,1.32,0.62,1.32,0.38,0,0.67,0,1.03,"gct","gct","A","no",0,"t","0"
"131",131,131,131,131,131,131,131,131,1,0,0,1,0,0,0,1,0,0,"tgc","tgc","C","no",1,"c","0"
"132",132,132,132,132,132,132,132,132,1,0,0,1,0,0,0,1,0,0,"cat","cat","H","yes",1,"t","4"
"133",133,133,133,133,133,133,133,133,1,1.22,0,0.03,0,0.97,0,0.67,0,0.22,"gcc","gcc","A","no",0,"c","0"
"134",134,134,134,134,134,134,134,134,1,5.44,0,0.04,0,0.96,0,0.67,0,0.97,"aag","aag","K","no",1,"g","0"
"135",135,135,135,135,135,135,135,135,1,0,0,0.96,23.34,0.04,0.63,0.4,1,0.47,"aaa","aaa","K","yes",0,"a","1"
"136",136,136,136,136,136,136,136,136,1,0,0,1,0,0,0,1,0,0,"ccc","ccc","P","no",0,"c","0"
"137",137,137,137,137,137,137,137,137,1,1.22,0,0.04,0,0.96,0,0.67,0,0.22,"cgc","cgc","R","no",0,"c","0"
"138",138,138,138,138,138,138,138,138,1,3.4,3.03,0.51,1.21,0.49,0,0.67,0,1.63,"att","att","I","no",1,"t","0"
"139",139,139,139,139,139,139,139,139,1,2.57,2.57,0.71,0.75,0.29,0,0.67,0,1.44,"acc","acc","T","no",0,"c","0"
"140",140,140,140,140,140,140,140,140,1,0,0,0.34,2.11,0.66,1.23,0.28,2,0.67,"aca","aca","T","no",1,"a","0"
"141",141,141,141,141,141,141,141,141,1,0,0,0,2,1,2.63,0.13,3,0.96,"gcc","gcc","A","no",0,"c","0"
"142",142,142,142,142,142,142,142,142,1,6.15,6.15,0.23,0,0.77,0,0.67,0,1.78,"ata","ata","I","no",1,"a","0"
"143",143,143,143,143,143,143,143,143,1,0,0,0.52,1.46,0.48,0.4,0.46,1,0.33,"aat","aat","N","yes",1,"t","4"
"144",144,144,144,144,144,144,144,144,1,0,0,1,0,0,0,1,0,0,"gat","gat","D","yes",0,"t","3"
"145",145,145,145,145,145,145,145,145,1,4.42,1.9,0.52,0.81,0.48,0,0.67,0,1.45,"act","act","T","no",0,"t","0"
"146",146,146,146,146,146,146,146,146,1,6.94,0,0.02,0,0.98,0,0.67,0,1.24,"agt","agt","S","no",0,"t","0"
"147",147,147,147,147,147,147,147,147,1,3.21,1.95,0.62,0.06,0.38,0,0.67,0,1.16,"agt","agt","S","no",1,"t","0"
"148",148,148,148,148,148,148,148,148,1,0,0,0.23,0.86,0.77,0.37,0.47,1,0.31,"gat","gat","D","yes",1,"t","4"
"149",149,149,149,149,149,149,149,149,1,2.13,0,0.59,16.23,0.41,1.46,0.24,7,3.54,"gct","gct","A","no",1,"t","0"
"150",150,150,150,150,150,150,150,150,1,3.67,1.57,0.71,0.56,0.29,0,0.67,0,1.27,"ggg","ggg","G","no",0,"g","0"
"151",151,151,151,151,151,151,151,151,1,1.64,0,0.11,0,0.89,0,0.67,0,0.29,"gag","gag","E","no",0,"g","0"
"152",152,152,152,152,152,152,152,152,1,0,0,0.98,71.85,0.02,1.02,0.31,1,0.73,"tct","tct","S","no",0,"t","0"
"153",153,153,153,153,153,153,153,153,1,3.79,0,0.02,0,0.98,0,0.67,0,0.68,"agc","agc","S","no",0,"c","0"
"154",154,154,154,154,154,154,154,154,1,0,0,0.53,1.35,0.47,0.82,0.35,1,0.3,"ggc","ggc","G","no",0,"c","0"
"155",155,155,155,155,155,155,155,155,1,0,0,0.58,1.65,0.42,0.62,0.4,1,0.33,"aca","aca","T","no",1,"a","0"
"156",156,156,156,156,156,156,156,156,1,2.44,0,0.09,0,0.91,0,0.67,0,0.44,"ggg","ggg","G","no",0,"g","0"
"157",157,157,157,157,157,157,157,157,1,1.9,1.69,0.66,0.6,0.34,0,0.67,0,0.97,"gca","gca","A","no",1,"a","0"
"158",158,158,158,158,158,158,158,158,1,0,0,1,0,0,0,1,0,0,"gag","gag","E","no",0,"g","0"
"159",159,159,159,159,159,159,159,159,1,2.18,0,0.1,0,0.9,0,0.67,0,0.39,"gtt","gtt","V","no",1,"t","0"
"160",160,160,160,160,160,160,160,160,1,1.2,0,0.03,0,0.97,0,0.67,0,0.21,"gtg","gtg","V","no",1,"g","0"
"161",161,161,161,161,161,161,161,161,1,0,0,1,0,0,0,1,0,0,"cca","cca","P","no",1,"a","0"
"162",162,162,162,162,162,162,162,162,1,3.3,0,0.05,0,0.95,0,0.67,0,0.59,"ttt","ttt","F","yes",0,"t","3"
"163",163,163,163,163,163,163,163,163,1,3.25,0,0.02,0,0.98,0,0.67,0,0.58,"aat","aat","N","yes",1,"t","4"
"164",164,164,164,164,164,164,164,164,1,1.3,0,0.04,0,0.96,0,0.67,0,0.23,"ggg","ggg","G","no",0,"g","0"
"165",165,165,165,165,165,165,165,165,1,1.66,0,0.11,0,0.89,0,0.67,0,0.3,"aag","aag","K","no",0,"g","0"
"166",166,166,166,166,166,166,166,166,1,1.93,0,0.02,0,0.98,0,0.67,0,0.35,"gga","gga","G","no",0,"a","0"
"167",167,167,167,167,167,167,167,167,1,0,0,1,0,0,0,1,0,0,"act","act","T","no",0,"t","0"
"168",168,168,168,168,168,168,168,168,1,0,0,1,0,0,0,1,0,0,"aag","aag","K","no",0,"g","0"
"169",169,169,169,169,169,169,169,169,1,0,0,1,0,0,0,1,0,0,"gct","gct","A","no",0,"t","0"
"170",170,170,170,170,170,170,170,170,1,0,0,1,0,0,0,1,0,0,"agc","agc","S","no",0,"c","0"
"171",171,171,171,171,171,171,171,171,1,0,0,1,0,0,0,1,0,0,"ata","ata","I","no",1,"a","0"
"172",172,172,172,172,172,172,172,172,1,0,0,1,0,0,0,1,0,0,"aag","aag","K","no",0,"g","0"
"173",173,173,173,173,173,173,173,173,1,0,0,1,0,0,0,1,0,0,"ttt","ttt","F","yes",0,"t","3"
"174",174,174,174,174,174,174,174,174,1,5.12,0,0.01,0,0.99,0,0.67,0,0.92,"caa","caa","Q","yes",1,"a","2"
"175",175,175,175,175,175,175,175,175,1,2.2,0,0.01,0,0.99,0,0.67,0,0.39,"act","act","T","no",0,"t","0"
"176",176,176,176,176,176,176,176,176,1,0,0,1,0,0,0,1,0,0,"atg","atg","M","no",1,"g","0"
"177",177,177,177,177,177,177,177,177,1,2.01,0,0.03,0,0.97,0,0.67,0,0.36,"gta","gta","V","no",0,"a","0"
"178",178,178,178,178,178,178,178,178,1,0,0,1,0,0,0,1,0,0,"aac","aac","N","no",0,"c","0"
"179",179,179,179,179,179,179,179,179,1,0,0,1,0,0,0,1,0,0,"tgg","tgg","W","no",1,"g","0"
"180",180,180,180,180,180,180,180,180,1,1.17,0,0.01,0,0.99,0,0.67,0,0.21,"ttg","ttg","L","no",1,"g","0"
"181",181,181,181,181,181,181,181,181,1,0,0,1,0,0,0,1,0,0,"tgt","tgt","C","yes",1,"t","4"
"182",182,182,182,182,182,182,182,182,1,0,0,0.97,114.22,0.03,2.2,0.16,2,1.66,"gaa","gaa","E","yes",0,"a","1"
"183",183,183,183,183,183,183,183,183,1,2.06,0,0.02,0,0.98,0,0.67,0,0.37,"aac","aac","N","no",0,"c","0"
"184",184,184,184,184,184,184,184,184,1,0,0,1,0,0,0,1,0,0,"aga","aga","R","no",1,"a","0"
"185",185,185,185,185,185,185,185,185,1,2.59,0,0.02,0,0.98,0,0.67,0,0.46,"gtg","gtg","V","no",1,"g","0"
"186",186,186,186,186,186,186,186,186,1,0,0,1,0,0,0,1,0,0,"ttt","ttt","F","yes",0,"t","3"
"187",187,187,187,187,187,187,187,187,1,0,0,1,0,0,0,1,0,0,"aca","aca","T","no",1,"a","0"
"188",188,188,188,188,188,188,188,188,1,0,0,1,0,0,0,1,0,0,"gag","gag","E","no",0,"g","0"
"189",189,189,189,189,189,189,189,189,1,0,0,1,0,0,0,1,0,0,"gat","gat","D","yes",0,"t","3"
"190",190,190,190,190,190,190,190,190,1,0,0,1,0,0,0,1,0,0,"aag","aag","K","no",0,"g","0"
"191",191,191,191,191,191,191,191,191,1,0,0,1,0,0,0,1,0,0,"tgg","tgg","W","no",1,"g","0"
"192",192,192,192,192,192,192,192,192,1,0,0,1,0,0,0,1,0,0,"aaa","aaa","K","yes",0,"a","1"
"193",193,193,193,193,193,193,193,193,1,1.06,1.06,0.67,1.42,0.33,0.01,0.65,0,0.75,"cta","cta","L","no",0,"a","0"
"194",194,194,194,194,194,194,194,194,1,0,0,1,0,0,0,1,0,0,"gtt","gtt","V","no",1,"t","0"
"195",195,195,195,195,195,195,195,195,1,0,0,0.98,92.19,0.02,5.56,0.03,1,0.7,"gac","gac","D","no",0,"c","0"
"196",196,196,196,196,196,196,196,196,1,0,0,1,0,0,0,1,0,0,"ttt","ttt","F","yes",0,"t","3"
"197",197,197,197,197,197,197,197,197,1,1.81,0,0.02,0,0.98,0,0.67,0,0.32,"aac","aac","N","no",0,"c","0"
"198",198,198,198,198,198,198,198,198,1,0,0,1,0,0,0,1,0,0,"cag","cag","Q","no",1,"g","0"
"199",199,199,199,199,199,199,199,199,1,0,0,1,0,0,0,1,0,0,"tac","tac","Y","no",0,"c","0"
"200",200,200,200,200,200,200,200,200,1,2.24,0,0.01,0,0.99,0,0.67,0,0.4,"act","act","T","no",1,"t","0"
"201",201,201,201,201,201,201,201,201,1,0,0,1,0,0,0,1,0,0,"tta","tta","L","no",0,"a","0"
"202",202,202,202,202,202,202,202,202,1,2.08,0,0.01,0,0.99,0,0.67,0,0.37,"cta","cta","L","no",0,"a","0"
"203",203,203,203,203,203,203,203,203,1,1.81,0,0.1,0,0.9,0,0.67,0,0.32,"agc","agc","S","no",0,"c","0"
"204",204,204,204,204,204,204,204,204,1,3.02,0,0.1,0,0.9,0,0.67,0,0.54,"agt","agt","S","no",1,"t","0"
"205",205,205,205,205,205,205,205,205,1,0,0,1,0,0,0,1,0,0,"agt","agt","S","no",0,"t","0"
"206",206,206,206,206,206,206,206,206,1,0,0,1,0,0,0,1,0,0,"cac","cac","H","no",1,"c","0"
"207",207,207,207,207,207,207,207,207,1,0,0,1,0,0,0,1,0,0,"agt","agt","S","no",1,"t","0"
"208",208,208,208,208,208,208,208,208,1,0,0,1,0,0,0,1,0,0,"gga","gga","G","no",0,"a","0"
"209",209,209,209,209,209,209,209,209,1,6.73,0,0.04,0,0.96,0,0.67,0,1.2,"agt","agt","S","no",0,"t","0"
"210",210,210,210,210,210,210,210,210,1,3.25,0,0.02,0,0.98,0,0.67,0,0.58,"ttt","ttt","F","yes",0,"t","3"
"211",211,211,211,211,211,211,211,211,1,0,0,1,0,0,0,1,0,0,"caa","caa","Q","yes",1,"a","2"
"212",212,212,212,212,212,212,212,212,1,0,0,1,0,0,0,1,0,0,"att","att","I","no",0,"t","0"
"213",213,213,213,213,213,213,213,213,1,0,0,1,0,0,0,1,0,0,"caa","caa","Q","yes",1,"a","2"
"214",214,214,214,214,214,214,214,214,1,3.25,0,0.01,0,0.99,0,0.67,0,0.58,"agt","agt","S","no",1,"t","0"
"215",215,215,215,215,215,215,215,215,1,0,0,0.56,1.5,0.44,0.6,0.4,1,0.32,"gca","gca","A","no",1,"a","0"
"216",216,216,216,216,216,216,216,216,1,1.04,0,0.04,0,0.96,0,0.67,0,0.19,"cta","cta","L","no",0,"a","0"
"217",217,217,217,217,217,217,217,217,1,5.87,0,0.02,0,0.98,0,0.67,0,1.05,"aaa","aaa","K","yes",0,"a","1"
"218",218,218,218,218,218,218,218,218,1,0,0,1,0,0,0,1,0,0,"cta","cta","L","no",0,"a","0"
"219",219,219,219,219,219,219,219,219,1,0,0,1,0,0,0,1,0,0,"gca","gca","A","no",1,"a","0"
"220",220,220,220,220,220,220,220,220,1,0,0,1,0,0,0,1,0,0,"att","att","I","no",0,"t","0"
"221",221,221,221,221,221,221,221,221,1,3.25,0,0.03,0,0.97,0,0.67,0,0.58,"tat","tat","Y","yes",0,"t","3"
"222",222,222,222,222,222,222,222,222,1,0,0,1,0,0,0,1,0,0,"aaa","aaa","K","yes",0,"a","1"
"223",223,223,223,223,223,223,223,223,1,0,0,1,0,0,0,1,0,0,"gca","gca","A","no",1,"a","0"
"224",224,224,224,224,224,224,224,224,1,2.2,0,0.11,0,0.89,0,0.67,0,0.39,"act","act","T","no",0,"t","0"
"225",225,225,225,225,225,225,225,225,1,0,0,1,0,0,0,1,0,0,"aat","aat","N","yes",0,"t","3"
"226",226,226,226,226,226,226,226,226,1,1.68,0,0.02,0,0.98,0,0.67,0,0.3,"tta","tta","L","no",0,"a","0"
"227",227,227,227,227,227,227,227,227,1,1.19,0,0.04,0,0.96,0,0.67,0,0.21,"gtg","gtg","V","no",1,"g","0"
"228",228,228,228,228,228,228,228,228,1,2.21,0,0.02,0,0.98,0,0.67,0,0.4,"cct","cct","P","no",0,"t","0"
"229",229,229,229,229,229,229,229,229,1,2.2,0,0.2,0,0.8,0,0.67,0,0.39,"act","act","T","no",0,"t","0"
"230",230,230,230,230,230,230,230,230,1,3.75,0,0.02,0,0.98,0,0.67,0,0.67,"agc","agc","S","no",0,"c","0"
"231",231,231,231,231,231,231,231,231,1,0,0,0.59,1.68,0.41,0.63,0.4,1,0.33,"aca","aca","T","no",1,"a","0"
"232",232,232,232,232,232,232,232,232,1,0,0,1,0,0,0,1,0,0,"ttt","ttt","F","yes",0,"t","3"
"233",233,233,233,233,233,233,233,233,1,0,0,1,0,0,0,1,0,0,"tta","tta","L","no",0,"a","0"
"234",234,234,234,234,234,234,234,234,1,1.15,0,0.02,0,0.98,0,0.67,0,0.21,"ttg","ttg","L","no",1,"g","0"
"235",235,235,235,235,235,235,235,235,1,0,0,1,0,0,0,1,0,0,"cat","cat","H","yes",1,"t","4"
"236",236,236,236,236,236,236,236,236,1,0,0,0.99,225.61,0.01,1.8,0.2,1,1.23,"aca","aca","T","no",1,"a","0"
"237",237,237,237,237,237,237,237,237,1,1.82,0,0.05,0,0.95,0,0.67,0,0.33,"gac","gac","D","no",0,"c","0"
"238",238,238,238,238,238,238,238,238,1,0,0,1,0,0,0,1,0,0,"ttt","ttt","F","yes",1,"t","4"
"239",239,239,239,239,239,239,239,239,1,5.94,0,0.04,0,0.96,0,0.67,0,1.06,"gag","gag","E","no",0,"g","0"
"240",240,240,240,240,240,240,240,240,1,1.65,0,0.02,0,0.98,0,0.67,0,0.29,"cag","cag","Q","no",1,"g","0"
"241",241,241,241,241,241,241,241,241,1,2.33,2.33,0.68,0,0.32,0,0.67,0,1.18,"gtt","gtt","V","no",0,"t","0"
"242",242,242,242,242,242,242,242,242,1,0,0,1,0,0,0,1,0,0,"atg","atg","M","no",1,"g","0"
"243",243,243,243,243,243,243,243,243,1,3.27,0,0.03,0,0.97,0,0.67,0,0.58,"tgt","tgt","C","yes",1,"t","4"
"244",244,244,244,244,244,244,244,244,1,2.59,0,0.03,0,0.97,0,0.67,0,0.46,"att","att","I","no",0,"t","0"
"245",245,245,245,245,245,245,245,245,1,0,0,1,0,0,0,1,0,0,"aaa","aaa","K","yes",0,"a","1"
"246",246,246,246,246,246,246,246,246,1,0,0,0,0.61,1,0.57,0.41,1,0.29,"gac","gac","D","no",0,"c","0"
"247",247,247,247,247,247,247,247,247,1,0,0,1,0,0,0,1,0,0,"aat","aat","N","yes",1,"t","4"
"248",248,248,248,248,248,248,248,248,1,0,0,1,0,0,0,1,0,0,"aaa","aaa","K","yes",0,"a","1"
"249",249,249,249,249,249,249,249,249,1,0,0,1,0,0,0,1,0,0,"att","att","I","no",1,"t","0"
"250",250,250,250,250,250,250,250,250,1,0,0,1,0,0,0,1,0,0,"gtt","gtt","V","no",0,"t","0"
"251",251,251,251,251,251,251,251,251,1,0,0,1,0,0,0,1,0,0,"aaa","aaa","K","yes",0,"a","1"
"252",252,252,252,252,252,252,252,252,1,1.15,0,0.04,0,0.96,0,0.67,0,0.21,"ttg","ttg","L","no",1,"g","0"
"253",253,253,253,253,253,253,253,253,1,1.68,0,0.05,0,0.95,0,0.67,0,0.3,"tta","tta","L","no",0,"a","0"
"254",254,254,254,254,254,254,254,254,1,0,0,0.98,97.43,0.02,1.13,0.3,1,0.79,"ctt","ctt","L","no",0,"t","0"
"255",255,255,255,255,255,255,255,255,1,0,0,1,0,0,0,1,0,0,"tgt","tgt","C","yes",1,"t","4"
"256",256,256,256,256,256,256,256,256,1,0,0,1,0,0,0,1,0,0,"caa","caa","Q","yes",1,"a","2"
"257",257,257,257,257,257,257,257,257,1,0,0,1,0,0,0,1,0,0,"aac","aac","N","no",0,"c","0"
"258",258,258,258,258,258,258,258,258,1,3.29,0,0.04,0,0.96,0,0.67,0,0.59,"tat","tat","Y","yes",1,"t","4"
"259",259,259,259,259,259,259,259,259,1,1.84,0,0.04,0,0.96,0,0.67,0,0.33,"gac","gac","D","no",0,"c","0"
"260",260,260,260,260,260,260,260,260,1,0,0,1,0,0,0,1,0,0,"ccc","ccc","P","no",0,"c","0"
"261",261,261,261,261,261,261,261,261,1,1.04,0,0.02,0,0.98,0,0.67,0,0.19,"cta","cta","L","no",0,"a","0"
"262",262,262,262,262,262,262,262,262,1,2.35,0,0.23,0,0.77,0,0.67,0,0.42,"ttg","ttg","L","no",1,"g","0"
"263",263,263,263,263,263,263,263,263,1,0,0,1,0,0,0,1,0,0,"gtg","gtg","V","no",1,"g","0"
"264",264,264,264,264,264,264,264,264,1,0,0,1,0,0,0,1,0,0,"ggg","ggg","G","no",0,"g","0"
"265",265,265,265,265,265,265,265,265,1,0,0,1,0,0,0,1,0,0,"cag","cag","Q","no",1,"g","0"
"266",266,266,266,266,266,266,266,266,1,0,0,1,0,0,0,1,0,0,"cat","cat","H","yes",1,"t","4"
"267",267,267,267,267,267,267,267,267,1,1.21,0,0.02,0,0.98,0,0.67,0,0.22,"gtg","gtg","V","no",1,"g","0"
"268",268,268,268,268,268,268,268,268,1,0,0,1,0,0,0,1,0,0,"tta","tta","L","no",0,"a","0"
"269",269,269,269,269,269,269,269,269,1,1.65,1.15,0.59,0,0.41,0,0.67,0,0.62,"aag","aag","K","no",0,"g","0"
"270",270,270,270,270,270,270,270,270,1,0,0,1,0,0,0,1,0,0,"tgg","tgg","W","no",1,"g","0"
"271",271,271,271,271,271,271,271,271,1,0,0,1,0,0,0,1,0,0,"att","att","I","no",1,"t","0"
"272",272,272,272,272,272,272,272,272,1,0,0,1,0,0,0,1,0,0,"gat","gat","D","yes",0,"t","3"
"273",273,273,273,273,273,273,273,273,1,9.23,0,0.02,0,0.98,0,0.67,0,1.65,"aaa","aaa","K","yes",0,"a","1"
"274",274,274,274,274,274,274,274,274,1,0,0,1,0,0,0,1,0,0,"aaa","aaa","K","yes",0,"a","1"
"275",275,275,275,275,275,275,275,275,1,3.28,0,0.03,0,0.97,0,0.67,0,0.59,"tgt","tgt","C","yes",1,"t","4"
"276",276,276,276,276,276,276,276,276,1,1.24,0,0.03,0,0.97,0,0.67,0,0.22,"ggc","ggc","G","no",0,"c","0"
"277",277,277,277,277,277,277,277,277,1,5.2,0,0.02,0,0.98,0,0.67,0,0.93,"aag","aag","K","no",1,"g","0"
"278",278,278,278,278,278,278,278,278,1,0,0,1,0,0,0,1,0,0,"aaa","aaa","K","yes",0,"a","1"
"279",279,279,279,279,279,279,279,279,1,0,0,1,0,0,0,1,0,0,"aat","aat","N","yes",0,"t","3"
"280",280,280,280,280,280,280,280,280,1,0,0,1,0,0,0,1,0,0,"aca","aca","T","no",1,"a","0"
"281",281,281,281,281,281,281,281,281,1,0,0,1,0,0,0,1,0,0,"ctg","ctg","L","no",1,"g","0"
"282",282,282,282,282,282,282,282,282,1,0,0,1,0,0,0,1,0,0,"tgg","tgg","W","no",1,"g","0"
"283",283,283,283,283,283,283,283,283,1,3.23,0,0.02,0,0.98,0,0.67,0,0.58,"ttt","ttt","F","yes",0,"t","3"
"284",284,284,284,284,284,284,284,284,1,0,0,1,0,0,0,1,0,0,"tat","tat","Y","yes",1,"t","4"
"285",285,285,285,285,285,285,285,285,1,4.99,0,0.01,0,0.99,0,0.67,0,0.89,"ggg","ggg","G","no",0,"g","0"
"286",286,286,286,286,286,286,286,286,1,0,0,1,0,0,0,1,0,0,"ccg","ccg","P","no",0,"g","0"
"287",287,287,287,287,287,287,287,287,1,0,0,1,0,0,0,1,0,0,"cca","cca","P","no",1,"a","0"
"288",288,288,288,288,288,288,288,288,1,0,0,1,0,0,0,1,0,0,"agt","agt","S","no",0,"t","0"
"289",289,289,289,289,289,289,289,289,1,0,0,1,0,0,0,1,0,0,"aca","aca","T","no",1,"a","0"
"290",290,290,290,290,290,290,290,290,1,3.82,0,0.02,0,0.98,0,0.67,0,0.68,"gga","gga","G","no",0,"a","0"
"291",291,291,291,291,291,291,291,291,1,0,0,1,0,0,0,1,0,0,"aaa","aaa","K","yes",0,"a","1"
"292",292,292,292,292,292,292,292,292,1,0,0,1,0,0,0,1,0,0,"aca","aca","T","no",1,"a","0"
"293",293,293,293,293,293,293,293,293,1,0,0,1,0,0,0,1,0,0,"aac","aac","N","no",0,"c","0"
"294",294,294,294,294,294,294,294,294,1,0,0,1,0,0,0,1,0,0,"ttg","ttg","L","no",1,"g","0"
"295",295,295,295,295,295,295,295,295,1,0,0,1,0,0,0,1,0,0,"gca","gca","A","no",1,"a","0"
"296",296,296,296,296,296,296,296,296,1,0,0,1,0,0,0,1,0,0,"atg","atg","M","no",1,"g","0"
"297",297,297,297,297,297,297,297,297,1,0,0,1,0,0,0,1,0,0,"gcc","gcc","A","no",0,"c","0"
"298",298,298,298,298,298,298,298,298,1,0,0,1,0,0,0,1,0,0,"att","att","I","no",1,"t","0"
"299",299,299,299,299,299,299,299,299,1,0,0,1,0,0,0,1,0,0,"gct","gct","A","no",0,"t","0"
"300",300,300,300,300,300,300,300,300,1,2.83,0,0.11,0,0.89,0,0.67,0,0.51,"aaa","aaa","K","yes",0,"a","1"
"301",301,301,301,301,301,301,301,301,1,0,0,0.99,529.2,0.01,2.2,0.16,1,2.35,"agt","agt","S","no",1,"t","0"
"302",302,302,302,302,302,302,302,302,1,2.21,0,0.01,0,0.99,0,0.67,0,0.4,"gtt","gtt","V","no",0,"t","0"
"303",303,303,303,303,303,303,303,303,1,0,0,1,0,0,0,1,0,0,"cca","cca","P","no",1,"a","0"
"304",304,304,304,304,304,304,304,304,1,1.89,0,0.02,0,0.98,0,0.67,0,0.34,"gta","gta","V","no",0,"a","0"
"305",305,305,305,305,305,305,305,305,1,0,0,1,0,0,0,1,0,0,"tat","tat","Y","yes",1,"t","4"
"306",306,306,306,306,306,306,306,306,1,3.84,0,0.01,0,0.99,0,0.67,0,0.69,"ggc","ggc","G","no",0,"c","0"
"307",307,307,307,307,307,307,307,307,1,0,0,1,0,0,0,1,0,0,"atg","atg","M","no",1,"g","0"
"308",308,308,308,308,308,308,308,308,1,2.2,0,0.03,0,0.97,0,0.67,0,0.39,"gtt","gtt","V","no",0,"t","0"
"309",309,309,309,309,309,309,309,309,1,1.81,0,0.1,0,0.9,0,0.67,0,0.32,"aac","aac","N","no",0,"c","0"
"310",310,310,310,310,310,310,310,310,1,0,0,1,0,0,0,1,0,0,"tgg","tgg","W","no",1,"g","0"
"311",311,311,311,311,311,311,311,311,1,0,0,1,0,0,0,1,0,0,"aat","aat","N","yes",0,"t","3"
"312",312,312,312,312,312,312,312,312,1,0,0,1,0,0,0,1,0,0,"aat","aat","N","yes",1,"t","4"
"313",313,313,313,313,313,313,313,313,1,0,0,1,0,0,0,1,0,0,"gaa","gaa","E","yes",0,"a","1"
"314",314,314,314,314,314,314,314,314,1,1.82,0,0.02,0,0.98,0,0.67,0,0.33,"aac","aac","N","no",0,"c","0"
"315",315,315,315,315,315,315,315,315,1,0,0,1,0,0,0,1,0,0,"ttt","ttt","F","yes",0,"t","3"
"316",316,316,316,316,316,316,316,316,1,1.92,0,0.04,0,0.96,0,0.67,0,0.34,"cca","cca","P","no",1,"a","0"
"317",317,317,317,317,317,317,317,317,1,0,0,1,0,0,0,1,0,0,"ttt","ttt","F","yes",0,"t","3"
"318",318,318,318,318,318,318,318,318,1,0,0,1,0,0,0,1,0,0,"aat","aat","N","yes",1,"t","4"
"319",319,319,319,319,319,319,319,319,1,0,0,1,0,0,0,1,0,0,"gat","gat","D","yes",1,"t","4"
"320",320,320,320,320,320,320,320,320,1,9.48,0,0.04,0,0.96,0,0.67,0,1.7,"gta","gta","V","no",0,"a","0"
"321",321,321,321,321,321,321,321,321,1,1.91,0,0.02,0,0.98,0,0.67,0,0.34,"gca","gca","A","no",1,"a","0"
"322",322,322,322,322,322,322,322,322,1,2.87,0,0.02,0,0.98,0,0.67,0,0.51,"gga","gga","G","no",0,"a","0"
"323",323,323,323,323,323,323,323,323,1,0,0,1,0,0,0,1,0,0,"aaa","aaa","K","yes",0,"a","1"
"324",324,324,324,324,324,324,324,324,1,0,0,1,0,0,0,1,0,0,"agc","agc","S","no",0,"c","0"
"325",325,325,325,325,325,325,325,325,1,0,0,1,0,0,0,1,0,0,"ttg","ttg","L","no",1,"g","0"
"326",326,326,326,326,326,326,326,326,1,0,0,1,0,0,0,1,0,0,"gtg","gtg","V","no",1,"g","0"
"327",327,327,327,327,327,327,327,327,1,0,0,1,0,0,0,1,0,0,"gtc","gtc","V","no",0,"c","0"
"328",328,328,328,328,328,328,328,328,1,0,0,1,0,0,0,1,0,0,"tgg","tgg","W","no",1,"g","0"
"329",329,329,329,329,329,329,329,329,1,0,0,1,0,0,0,1,0,0,"gat","gat","D","yes",1,"t","4"
"330",330,330,330,330,330,330,330,330,1,0,0,1,0,0,0,1,0,0,"gaa","gaa","E","yes",0,"a","1"
"331",331,331,331,331,331,331,331,331,1,4.3,0,0.03,0,0.97,0,0.67,0,0.77,"ggt","ggt","G","no",0,"t","0"
"332",332,332,332,332,332,332,332,332,1,0,0,1,0,0,0,1,0,0,"att","att","I","no",0,"t","0"
"333",333,333,333,333,333,333,333,333,1,0,0,1,0,0,0,1,0,0,"att","att","I","no",0,"t","0"
"334",334,334,334,334,334,334,334,334,1,0,0,1,0,0,0,1,0,0,"aag","aag","K","no",0,"g","0"
"335",335,335,335,335,335,335,335,335,1,5.7,0,0.01,0,0.99,0,0.67,0,1.02,"tct","tct","S","no",0,"t","0"
"336",336,336,336,336,336,336,336,336,1,1.95,0,0.02,0,0.98,0,0.67,0,0.35,"aca","aca","T","no",1,"a","0"
"337",337,337,337,337,337,337,337,337,1,0,0,1,0,0,0,1,0,0,"att","att","I","no",1,"t","0"
"338",338,338,338,338,338,338,338,338,1,0,0,1,0,0,0,1,0,0,"gta","gta","V","no",0,"a","0"
"339",339,339,339,339,339,339,339,339,1,0,0,1,0,0,0,1,0,0,"gaa","gaa","E","yes",0,"a","1"
"340",340,340,340,340,340,340,340,340,1,0,0,1,0,0,0,1,0,0,"gct","gct","A","no",1,"t","0"
"341",341,341,341,341,341,341,341,341,1,0,0,1,0,0,0,1,0,0,"gca","gca","A","no",1,"a","0"
"342",342,342,342,342,342,342,342,342,1,0,0,1,0,0,0,1,0,0,"aaa","aaa","K","yes",0,"a","1"
"343",343,343,343,343,343,343,343,343,1,0,0,1,0,0,0,1,0,0,"gcc","gcc","A","no",0,"c","0"
"344",344,344,344,344,344,344,344,344,1,0,0,1,0,0,0,1,0,0,"att","att","I","no",1,"t","0"
"345",345,345,345,345,345,345,345,345,1,0,0,1,0,0,0,1,0,0,"tta","tta","L","no",0,"a","0"
"346",346,346,346,346,346,346,346,346,1,0,0,1,0,0,0,1,0,0,"ggc","ggc","G","no",0,"c","0"
"347",347,347,347,347,347,347,347,347,1,3.67,0,0.05,0,0.95,0,0.67,0,0.66,"ggg","ggg","G","no",0,"g","0"
"348",348,348,348,348,348,348,348,348,1,5.97,0,0.23,0,0.77,0,0.67,0,1.07,"caa","caa","Q","yes",1,"a","2"
"349",349,349,349,349,349,349,349,349,1,5.78,0,0.05,0,0.95,0,0.67,0,1.03,"ccc","ccc","P","no",0,"c","0"
"350",350,350,350,350,350,350,350,350,1,0,0,1,0,0,0,1,0,0,"acc","acc","T","no",1,"c","0"
"351",351,351,351,351,351,351,351,351,1,0,0,1,0,0,0,1,0,0,"agg","agg","R","no",1,"g","0"
"352",352,352,352,352,352,352,352,352,1,0,0,1,0,0,0,1,0,0,"gta","gta","V","no",0,"a","0"
"353",353,353,353,353,353,353,353,353,1,3.28,0,0.01,0,0.99,0,0.67,0,0.59,"gat","gat","D","yes",0,"t","3"
"354",354,354,354,354,354,354,354,354,1,0,0,1,0,0,0,1,0,0,"caa","caa","Q","yes",1,"a","2"
"355",355,355,355,355,355,355,355,355,1,0,0,1,0,0,0,1,0,0,"aaa","aaa","K","yes",0,"a","1"
"356",356,356,356,356,356,356,356,356,1,0,0,1,0,0,0,1,0,0,"atg","atg","M","no",1,"g","0"
"357",357,357,357,357,357,357,357,357,1,0,0,1,0,0,0,1,0,0,"cgt","cgt","R","no",1,"t","0"
"358",358,358,358,358,358,358,358,358,1,1.89,0.93,0.69,0.08,0.31,0,0.67,0,0.66,"gga","gga","G","no",0,"a","0"
"359",359,359,359,359,359,359,359,359,1,0,0,1,0,0,0,1,0,0,"agt","agt","S","no",1,"t","0"
"360",360,360,360,360,360,360,360,360,1,1.86,0,0.11,0,0.89,0,0.67,0,0.33,"gta","gta","V","no",0,"a","0"
"361",361,361,361,361,361,361,361,361,1,0,0,1,0,0,0,1,0,0,"gct","gct","A","no",1,"t","0"
"362",362,362,362,362,362,362,362,362,1,0,0,0.54,1.75,0.46,1.03,0.31,1,0.39,"gtg","gtg","V","no",1,"g","0"
"363",363,363,363,363,363,363,363,363,1,0,0,1,0,0,0,1,0,0,"cct","cct","P","no",1,"t","0"
"364",364,364,364,364,364,364,364,364,1,4.22,0,0.01,0,0.99,0,0.67,0,0.75,"gga","gga","G","no",0,"a","0"
"365",365,365,365,365,365,365,365,365,1,1.86,0,0.11,0,0.89,0,0.67,0,0.33,"gta","gta","V","no",0,"a","0"
"366",366,366,366,366,366,366,366,366,1,0,0,1,0,0,0,1,0,0,"cct","cct","P","no",1,"t","0"
"367",367,367,367,367,367,367,367,367,1,0,0,1,0,0,0,1,0,0,"gtg","gtg","V","no",1,"g","0"
"368",368,368,368,368,368,368,368,368,1,0,0,1,0,0,0,1,0,0,"gtt","gtt","V","no",0,"t","0"
"369",369,369,369,369,369,369,369,369,1,6.08,0,0.01,0,0.99,0,0.67,0,1.09,"ata","ata","I","no",0,"a","0"
"370",370,370,370,370,370,370,370,370,1,0,0,1,0,0,0,1,0,0,"acc","acc","T","no",0,"c","0"
"371",371,371,371,371,371,371,371,371,1,3.69,0,0.03,0,0.97,0,0.67,0,0.66,"agc","agc","S","no",1,"c","0"
"372",372,372,372,372,372,372,372,372,1,3.23,0,0.11,0,0.89,0,0.67,0,0.58,"aat","aat","N","yes",1,"t","4"
"373",373,373,373,373,373,373,373,373,1,2.25,0,0.02,0,0.98,0,0.67,0,0.4,"ggt","ggt","G","no",1,"t","0"
"374",374,374,374,374,374,374,374,374,1,0,0,1,0,0,0,1,0,0,"gac","gac","D","no",0,"c","0"
"375",375,375,375,375,375,375,375,375,1,0,0,1,0,0,0,1,0,0,"att","att","I","no",1,"t","0"
"376",376,376,376,376,376,376,376,376,1,2.11,0,0.1,0,0.9,0,0.67,0,0.38,"act","act","T","no",0,"t","0"
"377",377,377,377,377,377,377,377,377,1,0,0,1,0,0,0,1,0,0,"ttt","ttt","F","yes",1,"t","4"
"378",378,378,378,378,378,378,378,378,1,0,0,1,0,0,0,1,0,0,"gtt","gtt","V","no",1,"t","0"
"379",379,379,379,379,379,379,379,379,1,0,0,1,0,0,0,1,0,0,"gta","gta","V","no",0,"a","0"
"380",380,380,380,380,380,380,380,380,1,7.94,0,0.01,0,0.99,0,0.67,0,1.42,"agc","agc","S","no",0,"c","0"
"381",381,381,381,381,381,381,381,381,1,2.62,0,0.02,0,0.98,0,0.67,0,0.47,"ggg","ggg","G","no",0,"g","0"
"382",382,382,382,382,382,382,382,382,1,1.83,0,0.02,0,0.98,0,0.67,0,0.33,"aac","aac","N","no",0,"c","0"
"383",383,383,383,383,383,383,383,383,1,6.4,0,0.05,0,0.95,0,0.67,0,1.15,"act","act","T","no",1,"t","0"
"384",384,384,384,384,384,384,384,384,1,2.1,0,0.02,0,0.98,0,0.67,0,0.38,"aca","aca","T","no",1,"a","0"
"385",385,385,385,385,385,385,385,385,1,0,0,1,0,0,0,1,0,0,"aca","aca","T","no",1,"a","0"
"386",386,386,386,386,386,386,386,386,1,0,0,1,0,0,0,1,0,0,"act","act","T","no",1,"t","0"
"387",387,387,387,387,387,387,387,387,1,3.73,0,0.01,0,0.99,0,0.67,0,0.67,"gta","gta","V","no",0,"a","0"
"388",388,388,388,388,388,388,388,388,1,0,0,1,0,0,0,1,0,0,"cat","cat","H","yes",1,"t","4"
"389",389,389,389,389,389,389,389,389,1,0,0,1,0,0,0,1,0,0,"gct","gct","A","no",0,"t","0"
"390",390,390,390,390,390,390,390,390,1,0,0,1,0,0,0,1,0,0,"aaa","aaa","K","yes",0,"a","1"
"391",391,391,391,391,391,391,391,391,1,0,0,1,0,0,0,1,0,0,"gcc","gcc","A","no",0,"c","0"
"392",392,392,392,392,392,392,392,392,1,0,0,1,0,0,0,1,0,0,"tta","tta","L","no",0,"a","0"
"393",393,393,393,393,393,393,393,393,1,0,0,1,0,0,0,1,0,0,"aaa","aaa","K","yes",0,"a","1"
"394",394,394,394,394,394,394,394,394,1,1.66,0,0.03,0,0.97,0,0.67,0,0.3,"gag","gag","E","no",0,"g","0"
"395",395,395,395,395,395,395,395,395,1,5.25,0,0.01,0,0.99,0,0.67,0,0.94,"cgc","cgc","R","no",0,"c","0"
"396",396,396,396,396,396,396,396,396,1,0,0,1,0,0,0,1,0,0,"atg","atg","M","no",1,"g","0"
"397",397,397,397,397,397,397,397,397,1,1.85,0,0.03,0,0.97,0,0.67,0,0.33,"gta","gta","V","no",0,"a","0"
"398",398,398,398,398,398,398,398,398,1,0,0,1,0,0,0,1,0,0,"aag","aag","K","no",0,"g","0"
"399",399,399,399,399,399,399,399,399,1,5.06,0,0.01,0,0.99,0,0.67,0,0.91,"tta","tta","L","no",0,"a","0"
"400",400,400,400,400,400,400,400,400,1,0,0,1,0,0,0,1,0,0,"aac","aac","N","no",0,"c","0"
"401",401,401,401,401,401,401,401,401,1,0,0,1,0,0,0,1,0,0,"ttt","ttt","F","yes",0,"t","3"
"402",402,402,402,402,402,402,402,402,1,2.11,0,0.1,0,0.9,0,0.67,0,0.38,"act","act","T","no",1,"t","0"
"403",403,403,403,403,403,403,403,403,1,1.9,0,0.01,0,0.99,0,0.67,0,0.34,"gta","gta","V","no",0,"a","0"
"404",404,404,404,404,404,404,404,404,1,2.41,0,0.05,0,0.95,0,0.67,0,0.43,"aga","aga","R","no",0,"a","0"
"405",405,405,405,405,405,405,405,405,1,1.83,0,0.02,0,0.98,0,0.67,0,0.33,"tgc","tgc","C","no",1,"c","0"
"406",406,406,406,406,406,406,406,406,1,0,0,1,0,0,0,1,0,0,"agc","agc","S","no",1,"c","0"
"407",407,407,407,407,407,407,407,407,1,0,0,1,0,0,0,1,0,0,"cct","cct","P","no",1,"t","0"
"408",408,408,408,408,408,408,408,408,1,0,0,0.98,64.79,0.02,1.05,0.31,1,0.58,"gac","gac","D","no",0,"c","0"
"409",409,409,409,409,409,409,409,409,1,0,0,1,0,0,0,1,0,0,"atg","atg","M","no",1,"g","0"
"410",410,410,410,410,410,410,410,410,1,1.19,0,0.02,0,0.98,0,0.67,0,0.21,"ggg","ggg","G","no",0,"g","0"
"411",411,411,411,411,411,411,411,411,1,0,0,1,0,0,0,1,0,0,"tta","tta","L","no",0,"a","0"
"412",412,412,412,412,412,412,412,412,1,3.36,0,0.11,0,0.89,0,0.67,0,0.6,"cta","cta","L","no",0,"a","0"
"413",413,413,413,413,413,413,413,413,1,0,0,1,0,0,0,1,0,0,"aca","aca","T","no",1,"a","0"
"414",414,414,414,414,414,414,414,414,1,0,0,1,0,0,0,1,0,0,"gag","gag","E","no",0,"g","0"
"415",415,415,415,415,415,415,415,415,1,0,0,0.99,233.68,0.01,1.78,0.2,1,1.24,"gct","gct","A","no",1,"t","0"
"416",416,416,416,416,416,416,416,416,1,0,0,1,0,0,0,1,0,0,"gat","gat","D","yes",1,"t","4"
"417",417,417,417,417,417,417,417,417,1,1.85,0,0.03,0,0.97,0,0.67,0,0.33,"gta","gta","V","no",0,"a","0"
"418",418,418,418,418,418,418,418,418,1,8.83,0,0.05,0,0.95,0,0.67,0,1.58,"caa","caa","Q","yes",1,"a","2"
"419",419,419,419,419,419,419,419,419,1,1.66,0,0.03,0,0.97,0,0.67,0,0.3,"cag","cag","Q","no",1,"g","0"
"420",420,420,420,420,420,420,420,420,1,0,0,1,0,0,0,1,0,0,"tgg","tgg","W","no",1,"g","0"
"421",421,421,421,421,421,421,421,421,1,2.3,0,0.03,0,0.97,0,0.67,0,0.41,"ctt","ctt","L","no",0,"t","0"
"422",422,422,422,422,422,422,422,422,1,2.1,0,0.02,0,0.98,0,0.67,0,0.38,"aca","aca","T","no",1,"a","0"
"423",423,423,423,423,423,423,423,423,1,0,0,1,0,0,0,1,0,0,"tgg","tgg","W","no",1,"g","0"
"424",424,424,424,424,424,424,424,424,1,0,0,1,0,0,0,1,0,0,"tgt","tgt","C","yes",1,"t","4"
"425",425,425,425,425,425,425,425,425,1,0,0,1,0,0,0,1,0,0,"aat","aat","N","yes",1,"t","4"
"426",426,426,426,426,426,426,426,426,1,0,0,1,0,0,0,1,0,0,"gca","gca","A","no",1,"a","0"
"427",427,427,427,427,427,427,427,427,1,2.72,0,0.05,0,0.95,0,0.67,0,0.49,"caa","caa","Q","yes",1,"a","2"
"428",428,428,428,428,428,428,428,428,1,0,0,1,0,0,0,1,0,0,"agc","agc","S","no",0,"c","0"
"429",429,429,429,429,429,429,429,429,1,0,0,1,0,0,0,1,0,0,"tgg","tgg","W","no",1,"g","0"
"430",430,430,430,430,430,430,430,430,1,1.81,0.61,1,0,0,0,0.67,0,0.61,"gac","gac","D","no",0,"c","0"
"431",431,431,431,431,431,431,431,431,1,0,0,1,0,0,0,1,0,0,"cac","cac","H","no",1,"c","0"
"432",432,432,432,432,432,432,432,432,1,0,0,1,0,0,0,1,0,0,"tat","tat","Y","yes",1,"t","4"
"433",433,433,433,433,433,433,433,433,1,9.73,3.86,0.09,0.37,0.91,0,0.67,0,2.08,"gaa","gaa","E","yes",0,"a","1"
"434",434,434,434,434,434,434,434,434,1,0,0,0,0.62,1,0.6,0.4,1,0.3,"aac","aac","N","no",0,"c","0"
"435",435,435,435,435,435,435,435,435,1,0,0,1,0,0,0,1,0,0,"tgg","tgg","W","no",1,"g","0"
"436",436,436,436,436,436,436,436,436,1,0,0,1,0,0,0,1,0,0,"gca","gca","A","no",1,"a","0"
"437",437,437,437,437,437,437,437,437,1,0,0,0.98,85.9,0.02,0.79,0.36,1,0.68,"ata","ata","I","no",0,"a","0"
"438",438,438,438,438,438,438,438,438,1,1.8,0,0.02,0,0.98,0,0.67,0,0.32,"aac","aac","N","no",0,"c","0"
"439",439,439,439,439,439,439,439,439,1,0,0,1,0,0,0,1,0,0,"tac","tac","Y","no",0,"c","0"
"440",440,440,440,440,440,440,440,440,1,2.42,0,0.2,0,0.8,0,0.67,0,0.43,"act","act","T","no",1,"t","0"
"441",441,441,441,441,441,441,441,441,1,3.28,0,0.01,0,0.99,0,0.67,0,0.59,"ttt","ttt","F","yes",1,"t","4"
"442",442,442,442,442,442,442,442,442,1,0,0,0.75,0,0.25,0,0.67,0,0,"gat","gat","D","yes",0,"t","3"
"443",443,443,443,443,443,443,443,443,1,3.68,0,0.04,0,0.96,0,0.67,0,0.66,"ttc","ttc","F","no",0,"c","0"
"444",444,444,444,444,444,444,444,444,1,0,0,1,0,0,0,1,0,0,"cct","cct","P","no",1,"t","0"
"445",445,445,445,445,445,445,445,445,1,0,0,1,0,0,0,1,0,0,"gga","gga","G","no",0,"a","0"
"446",446,446,446,446,446,446,446,446,1,2.79,0,0.03,0,0.97,0,0.67,0,0.5,"att","att","I","no",0,"t","0"
"447",447,447,447,447,447,447,447,447,1,0,0,1,0,0,0,1,0,0,"aat","aat","N","yes",1,"t","4"
"448",448,448,448,448,448,448,448,448,1,0,0,0.96,68.97,0.04,2.11,0.17,2,1.22,"gca","gca","A","no",1,"a","0"
"449",449,449,449,449,449,449,449,449,1,0,0,1,0,0,0,1,0,0,"gat","gat","D","yes",1,"t","4"
"450",450,450,450,450,450,450,450,450,1,0,0,1,0,0,0,1,0,0,"gcc","gcc","A","no",0,"c","0"
"451",451,451,451,451,451,451,451,451,1,0,0,1,0,0,0,1,0,0,"ctc","ctc","L","no",0,"c","0"
"452",452,452,452,452,452,452,452,452,1,0,0,1,0,0,0,1,0,0,"cac","cac","H","no",1,"c","0"
"453",453,453,453,453,453,453,453,453,1,0,0,1,0,0,0,1,0,0,"cca","cca","P","no",1,"a","0"
"454",454,454,454,454,454,454,454,454,1,0,0,1,0,0,0,1,0,0,"gac","gac","D","no",0,"c","0"
"455",455,455,455,455,455,455,455,455,1,0,0,1,0,0,0,1,0,0,"ctc","ctc","L","no",0,"c","0"
"456",456,456,456,456,456,456,456,456,1,0,0,1,0,0,0,1,0,0,"caa","caa","Q","yes",1,"a","2"
"457",457,457,457,457,457,457,457,457,1,0,0,1,0,0,0,1,0,0,"acc","acc","T","no",0,"c","0"
"458",458,458,458,458,458,458,458,458,1,0,0,1,0,0,0,1,0,0,"acc","acc","T","no",1,"c","0"
"459",459,459,459,459,459,459,459,459,1,1.99,1.11,0.59,0,0.41,0,0.67,0,0.67,"cca","cca","P","no",1,"a","0"
"460",460,460,460,460,460,460,460,460,1,0,0,1,0,0,0,1,0,0,"att","att","I","no",1,"t","0"
"461",461,461,461,461,461,461,461,461,1,0,0,1,0,0,0,1,0,0,"gtc","gtc","V","no",0,"c","0"
"462",462,462,462,462,462,462,462,462,1,0,0,0,1.39,1,1.26,0.27,2,0.67,"aca","aca","T","no",1,"a","0"
"463",463,463,463,463,463,463,463,463,1,0,0,1,0,0,0,1,0,0,"gac","gac","D","no",0,"c","0"
"464",464,464,464,464,464,464,464,464,1,0,0,1,0,0,0,1,0,0,"acc","acc","T","no",1,"c","0"
"465",465,465,465,465,465,465,465,465,1,0,0,1,0,0,0,1,0,0,"agt","agt","S","no",1,"t","0"
"466",466,466,466,466,466,466,466,466,1,0,0,0,1.51,1,1.72,0.21,2,0.72,"atc","atc","I","no",0,"c","0"
"467",467,467,467,467,467,467,467,467,1,0,0,1,0,0,0,1,0,0,"agc","agc","S","no",1,"c","0"
"468",468,468,468,468,468,468,468,468,1,0,0,1,0,0,0,1,0,0,"agc","agc","S","no",1,"c","0"
"469",469,469,469,469,469,469,469,469,1,0,0,1,0,0,0,1,0,0,"agt","agt","S","no",1,"t","0"
"470",470,470,470,470,470,470,470,470,1,0,0,1,0,0,0,1,0,0,"ggt","ggt","G","no",1,"t","0"
"471",471,471,471,471,471,471,471,471,1,0,0,1,0,0,0,1,0,0,"ggt","ggt","G","no",1,"t","0"
"472",472,472,472,472,472,472,472,472,1,0,0,1,0,0,0,1,0,0,"gaa","gaa","E","yes",0,"a","1"
"473",473,473,473,473,473,473,473,473,1,0,0,1,0,0,0,1,0,0,"agc","agc","S","no",0,"c","0"
"474",474,474,474,474,474,474,474,474,1,0,0,0.95,56.8,0.05,1.88,0.19,2,1.32,"tct","tct","S","no",1,"t","0"
"475",475,475,475,475,475,475,475,475,1,0,0,1,0,0,0,1,0,0,"gaa","gaa","E","yes",0,"a","1"
"476",476,476,476,476,476,476,476,476,1,0,0,1,0,0,0,1,0,0,"gaa","gaa","E","yes",0,"a","1"
"477",477,477,477,477,477,477,477,477,1,0,0,0.53,1.7,0.47,0.99,0.32,1,0.38,"ctc","ctc","L","no",0,"c","0"
"478",478,478,478,478,478,478,478,478,1,0,0,1,0,0,0,1,0,0,"agt","agt","S","no",1,"t","0"
"479",479,479,479,479,479,479,479,479,1,0,0,1,0,0,0,1,0,0,"gaa","gaa","E","yes",0,"a","1"
"480",480,480,480,480,480,480,480,480,1,0,0,1,0,0,0,1,0,0,"agc","agc","S","no",0,"c","0"
"481",481,481,481,481,481,481,481,481,1,0,0,1,0,0,0,1,0,0,"agc","agc","S","no",1,"c","0"
"482",482,482,482,482,482,482,482,482,1,0,0,1,0,0,0,1,0,0,"ttt","ttt","F","yes",0,"t","3"
"483",483,483,483,483,483,483,483,483,1,3.02,2.31,0.4,0,0.6,0,0.67,0,0.98,"ttt","ttt","F","yes",0,"t","3"
"484",484,484,484,484,484,484,484,484,1,0,0,1,0,0,0,1,0,0,"aac","aac","N","no",0,"c","0"
"485",485,485,485,485,485,485,485,485,1,0,0,1,0,0,0,1,0,0,"ctc","ctc","L","no",0,"c","0"
"486",486,486,486,486,486,486,486,486,1,0,0,1,0,0,0,1,0,0,"atc","atc","I","no",1,"c","0"
"487",487,487,487,487,487,487,487,487,1,1.2,0,0.02,0,0.98,0,0.67,0,0.21,"acc","acc","T","no",1,"c","0"
"488",488,488,488,488,488,488,488,488,1,0,0,1,0,0,0,1,0,0,"cca","cca","P","no",1,"a","0"
"489",489,489,489,489,489,489,489,489,1,0,0,1,0,0,0,1,0,0,"ggc","ggc","G","no",0,"c","0"
"490",490,490,490,490,490,490,490,490,1,0,0,0.56,1.46,0.44,0.88,0.34,1,0.31,"gcc","gcc","A","no",0,"c","0"
"491",491,491,491,491,491,491,491,491,1,0,0,1,0,0,0,1,0,0,"tgg","tgg","W","no",1,"g","0"
"492",492,492,492,492,492,492,492,492,1,0,0,1,0,0,0,1,0,0,"aac","aac","N","no",0,"c","0"
"493",493,493,493,493,493,493,493,493,1,0,0,0,0.66,1,0.54,0.42,1,0.32,"act","act","T","no",1,"t","0"
"494",494,494,494,494,494,494,494,494,1,0,0,1,0,0,0,1,0,0,"gaa","gaa","E","yes",0,"a","1"
"495",495,495,495,495,495,495,495,495,1,0,0,1,0,0,0,1,0,0,"acc","acc","T","no",0,"c","0"
"496",496,496,496,496,496,496,496,496,1,0,0,1,0,0,0,1,0,0,"ccg","ccg","P","no",0,"g","0"
"497",497,497,497,497,497,497,497,497,1,0,0,1,0,0,0,1,0,0,"cgc","cgc","R","no",0,"c","0"
"498",498,498,498,498,498,498,498,498,1,0,0,1,0,0,0,1,0,0,"tct","tct","S","no",0,"t","0"
"499",499,499,499,499,499,499,499,499,1,0,0,1,0,0,0,1,0,0,"agt","agt","S","no",0,"t","0"
"500",500,500,500,500,500,500,500,500,1,0,0,1,0,0,0,1,0,0,"acg","acg","T","no",0,"g","0"
"501",501,501,501,501,501,501,501,501,1,0,0,1,0,0,0,1,0,0,"ccc","ccc","P","no",0,"c","0"
"502",502,502,502,502,502,502,502,502,1,0,0,0.07,1.58,0.93,1.71,0.21,2,0.7,"atc","atc","I","no",1,"c","0"
"503",503,503,503,503,503,503,503,503,1,0,0,1,0,0,0,1,0,0,"ccc","ccc","P","no",0,"c","0"
"504",504,504,504,504,504,504,504,504,1,0,0,1,0,0,0,1,0,0,"ggg","ggg","G","no",0,"g","0"
"505",505,505,505,505,505,505,505,505,1,0,0,0.55,1.51,0.45,0.9,0.34,1,0.32,"acc","acc","T","no",0,"c","0"
"506",506,506,506,506,506,506,506,506,1,0,0,1,0,0,0,1,0,0,"agt","agt","S","no",1,"t","0"
"507",507,507,507,507,507,507,507,507,1,0,0,1,0,0,0,1,0,0,"tca","tca","S","no",1,"a","0"
"508",508,508,508,508,508,508,508,508,1,0,0,1,0,0,0,1,0,0,"gga","gga","G","no",0,"a","0"
"509",509,509,509,509,509,509,509,509,1,0,0,1,0,0,0,1,0,0,"gaa","gaa","E","yes",0,"a","1"
"510",510,510,510,510,510,510,510,510,1,0,0,1,0,0,0,1,0,0,"tca","tca","S","no",1,"a","0"
"511",511,511,511,511,511,511,511,511,1,0,0,0.59,6.93,0.41,1.67,0.22,3,1.37,"ttt","ttt","F","yes",1,"t","4"
"512",512,512,512,512,512,512,512,512,1,0,0,1,0,0,0,1,0,0,"gtc","gtc","V","no",0,"c","0"
"513",513,513,513,513,513,513,513,513,1,0,0,1,0,0,0,1,0,0,"gga","gga","G","no",0,"a","0"
"514",514,514,514,514,514,514,514,514,1,0,0,1,0,0,0,1,0,0,"agc","agc","S","no",0,"c","0"
"515",515,515,515,515,515,515,515,515,1,0,0,0.58,1.54,0.42,0.61,0.4,1,0.31,"cca","cca","P","no",1,"a","0"
"516",516,516,516,516,516,516,516,516,1,0,0,1,0,0,0,1,0,0,"gtt","gtt","V","no",0,"t","0"
"517",517,517,517,517,517,517,517,517,1,0,0,1,0,0,0,1,0,0,"tcc","tcc","S","no",0,"c","0"
"518",518,518,518,518,518,518,518,518,1,0,0,1,0,0,0,1,0,0,"tcc","tcc","S","no",0,"c","0"
"519",519,519,519,519,519,519,519,519,1,0,0,0.31,0.97,0.69,0.43,0.45,1,0.32,"gaa","gaa","E","yes",0,"a","1"
"520",520,520,520,520,520,520,520,520,1,2.3,2.3,0.49,2.33,0.51,0,0.66,0,1.52,"gtt","gtt","V","no",1,"t","0"
"521",521,521,521,521,521,521,521,521,1,0,0,1,0,0,0,1,0,0,"gta","gta","V","no",0,"a","0"
"522",522,522,522,522,522,522,522,522,1,0,0,1,0,0,0,1,0,0,"gct","gct","A","no",1,"t","0"
"523",523,523,523,523,523,523,523,523,1,0,0,1,0,0,0,1,0,0,"gca","gca","A","no",1,"a","0"
"524",524,524,524,524,524,524,524,524,1,1.15,0,0.02,0,0.98,0,0.67,0,0.21,"tcg","tcg","S","no",0,"g","0"
"525",525,525,525,525,525,525,525,525,1,112.41,26.9,0.1,0,0.9,0,0.67,0,21.46,"tgg","tgg","W","no",1,"g","0"
"526",526,526,526,526,526,526,526,526,1,0,0,0.58,1.61,0.42,0.46,0.44,1,0.33,"gaa","gaa","E","yes",0,"a","1"
"527",527,527,527,527,527,527,527,527,1,2.62,0,0.02,0,0.98,0,0.67,0,0.47,"gaa","gaa","E","yes",0,"a","1"
"528",528,528,528,528,528,528,528,528,1,1.18,1.17,0.28,1.31,0.72,0,0.65,0,0.82,"gcc","gcc","A","no",0,"c","0"
"529",529,529,529,529,529,529,529,529,1,0,0,0.96,73.91,0.04,6.49,0.02,2,1.46,"ttc","ttc","F","no",0,"c","0"
"530",530,530,530,530,530,530,530,530,1,0,0,0.35,1.45,0.65,0.86,0.35,1,0.45,"tac","tac","Y","no",0,"c","0"
"531",531,531,531,531,531,531,531,531,1,0,0,1,0,0,0,1,0,0,"aca","aca","T","no",1,"a","0"
"532",532,532,532,532,532,532,532,532,1,0,0,0.55,1.42,0.45,0.52,0.42,1,0.3,"cct","cct","P","no",0,"t","0"
"533",533,533,533,533,533,533,533,533,1,2.3,0,0.04,0,0.96,0,0.67,0,0.41,"ttg","ttg","L","no",1,"g","0"
"534",534,534,534,534,534,534,534,534,1,0,0,1,0,0,0,1,0,0,"gca","gca","A","no",1,"a","0"
"535",535,535,535,535,535,535,535,535,1,0,0,1,0,0,0,1,0,0,"gac","gac","D","no",0,"c","0"
"536",536,536,536,536,536,536,536,536,1,1.59,1.2,0.7,0,0.3,0,0.67,0,0.69,"cag","cag","Q","no",1,"g","0"
"537",537,537,537,537,537,537,537,537,1,0,0,0.51,1.9,0.49,0.54,0.42,1,0.45,"ttt","ttt","F","yes",0,"t","3"
"538",538,538,538,538,538,538,538,538,1,0,0,0.88,12.21,0.12,1.17,0.29,2,0.7,"cgt","cgt","R","no",1,"t","0"
"539",539,539,539,539,539,539,539,539,1,0,0,0.5,1.32,0.5,0.42,0.45,1,0.32,"gaa","gaa","E","yes",0,"a","1"
"540",540,540,540,540,540,540,540,540,1,0,0,1,0,0,0,1,0,0,"ctg","ctg","L","no",1,"g","0"
"541",541,541,541,541,541,541,541,541,1,0,0,1,0,0,0,1,0,0,"tta","tta","L","no",0,"a","0"
"542",542,542,542,542,542,542,542,542,1,0,0,1,0,0,0,1,0,0,"gtt","gtt","V","no",1,"t","0"
"543",543,543,543,543,543,543,543,543,1,0,0,1,0,0,0,1,0,0,"ggg","ggg","G","no",0,"g","0"
"544",544,544,544,544,544,544,544,544,1,0,0,1,0,0,0,1,0,0,"gtt","gtt","V","no",1,"t","0"
"545",545,545,545,545,545,545,545,545,1,0,0,1,0,0,0,1,0,0,"gat","gat","D","yes",0,"t","3"
"546",546,546,546,546,546,546,546,546,1,0,0,1,0,0,0,1,0,0,"tat","tat","Y","yes",1,"t","4"
"547",547,547,547,547,547,547,547,547,1,0,0,1,0,0,0,1,0,0,"gtg","gtg","V","no",1,"g","0"
"548",548,548,548,548,548,548,548,548,1,0,0,1,0,0,0,1,0,0,"tgg","tgg","W","no",1,"g","0"
"549",549,549,549,549,549,549,549,549,1,0,0,1,0,0,0,1,0,0,"gac","gac","D","no",0,"c","0"
"550",550,550,550,550,550,550,550,550,1,0,0,1,0,0,0,1,0,0,"ggt","ggt","G","no",1,"t","0"
"551",551,551,551,551,551,551,551,551,1,0,0,0.99,246.9,0.01,1.89,0.19,1,1.39,"gta","gta","V","no",0,"a","0"
"552",552,552,552,552,552,552,552,552,1,0,0,1,0,0,0,1,0,0,"agg","agg","R","no",0,"g","0"
"553",553,553,553,553,553,553,553,553,1,6.78,0,0.01,0,0.99,0,0.67,0,1.21,"ggt","ggt","G","no",0,"t","0"
"554",554,554,554,554,554,554,554,554,1,3.32,0,0.04,0,0.96,0,0.67,0,0.59,"tta","tta","L","no",0,"a","0"
"555",555,555,555,555,555,555,555,555,1,2.15,0,0.02,0,0.98,0,0.67,0,0.39,"cct","cct","P","no",1,"t","0"
"556",556,556,556,556,556,556,556,556,1,0,0,1,0,0,0,1,0,0,"gtg","gtg","V","no",1,"g","0"
"557",557,557,557,557,557,557,557,557,1,0,0,1,0,0,0,1,0,0,"tgt","tgt","C","yes",1,"t","4"
"558",558,558,558,558,558,558,558,558,1,6.6,0,0.01,0,0.99,0,0.67,0,1.18,"tgt","tgt","C","yes",1,"t","4"
"559",559,559,559,559,559,559,559,559,1,3.54,0,0.02,0,0.98,0,0.67,0,0.63,"gtg","gtg","V","no",1,"g","0"
"560",560,560,560,560,560,560,560,560,1,7.08,0,0.02,0,0.98,0,0.67,0,1.27,"caa","caa","Q","yes",1,"a","2"
"561",561,561,561,561,561,561,561,561,1,0,0,1,0,0,0,1,0,0,"cat","cat","H","yes",1,"t","4"
"562",562,562,562,562,562,562,562,562,1,2.45,0,0.02,0,0.98,0,0.67,0,0.44,"att","att","I","no",0,"t","0"
"563",563,563,563,563,563,563,563,563,1,0,0,1,0,0,0,1,0,0,"aac","aac","N","no",0,"c","0"
"564",564,564,564,564,564,564,564,564,1,0,0,1,0,0,0,1,0,0,"aat","aat","N","yes",1,"t","4"
"565",565,565,565,565,565,565,565,565,1,0,0,1,0,0,0,1,0,0,"agt","agt","S","no",1,"t","0"
"566",566,566,566,566,566,566,566,566,1,0,0,1,0,0,0,1,0,0,"ggg","ggg","G","no",0,"g","0"
"567",567,567,567,567,567,567,567,567,1,0,0,1,0,0,0,1,0,0,"gga","gga","G","no",0,"a","0"
"568",568,568,568,568,568,568,568,568,1,3.68,0,0.02,0,0.98,0,0.67,0,0.66,"ggc","ggc","G","no",0,"c","0"
"569",569,569,569,569,569,569,569,569,1,0,0,1,0,0,0,1,0,0,"ttg","ttg","L","no",1,"g","0"
"570",570,570,570,570,570,570,570,570,1,0,0,1,0,0,0,1,0,0,"gga","gga","G","no",0,"a","0"
"571",571,571,571,571,571,571,571,571,1,0,0,1,0,0,0,1,0,0,"ctt","ctt","L","no",0,"t","0"
"572",572,572,572,572,572,572,572,572,1,0,0,1,0,0,0,1,0,0,"tgt","tgt","C","yes",1,"t","4"
"573",573,573,573,573,573,573,573,573,1,0,0,1,0,0,0,1,0,0,"ccc","ccc","P","no",0,"c","0"
"574",574,574,574,574,574,574,574,574,1,0,0,1,0,0,0,1,0,0,"cat","cat","H","yes",1,"t","4"
"575",575,575,575,575,575,575,575,575,1,1.77,0,0.05,0,0.95,0,0.67,0,0.32,"tgc","tgc","C","no",1,"c","0"
"576",576,576,576,576,576,576,576,576,1,0,0,1,0,0,0,1,0,0,"att","att","I","no",1,"t","0"
"577",577,577,577,577,577,577,577,577,1,3.17,0,0.02,0,0.98,0,0.67,0,0.57,"aat","aat","N","yes",1,"t","4"
"578",578,578,578,578,578,578,578,578,1,1.85,0,0.01,0,0.99,0,0.67,0,0.33,"gta","gta","V","no",0,"a","0"
"579",579,579,579,579,579,579,579,579,1,0,0,1,0,0,0,1,0,0,"ggg","ggg","G","no",0,"g","0"
"580",580,580,580,580,580,580,580,580,1,2.14,0,0.02,0,0.98,0,0.67,0,0.38,"gct","gct","A","no",0,"t","0"
"581",581,581,581,581,581,581,581,581,1,0,0,1,0,0,0,1,0,0,"tgg","tgg","W","no",1,"g","0"
"582",582,582,582,582,582,582,582,582,1,0,0,1,0,0,0,1,0,0,"tat","tat","Y","yes",0,"t","3"
"583",583,583,583,583,583,583,583,583,1,0,0,1,0,0,0,1,0,0,"aat","aat","N","yes",1,"t","4"
"584",584,584,584,584,584,584,584,584,1,0,0,1,0,0,0,1,0,0,"gga","gga","G","no",0,"a","0"
"585",585,585,585,585,585,585,585,585,1,0,0,1,0,0,0,1,0,0,"tgg","tgg","W","no",1,"g","0"
"586",586,586,586,586,586,586,586,586,1,0,0,1,0,0,0,1,0,0,"aaa","aaa","K","yes",0,"a","1"
"587",587,587,587,587,587,587,587,587,1,0,0,1,0,0,0,1,0,0,"ttt","ttt","F","yes",0,"t","3"
"588",588,588,588,588,588,588,588,588,1,0,0,1,0,0,0,1,0,0,"cga","cga","R","no",0,"a","0"
"589",589,589,589,589,589,589,589,589,1,0,0,0.92,21.72,0.08,1.17,0.29,2,0.86,"gaa","gaa","E","yes",0,"a","1"
"590",590,590,590,590,590,590,590,590,1,0,0,1,0,0,0,1,0,0,"ttt","ttt","F","yes",0,"t","3"
"591",591,591,591,591,591,591,591,591,1,2.41,0,0.05,0,0.95,0,0.67,0,0.43,"acc","acc","T","no",0,"c","0"
"592",592,592,592,592,592,592,592,592,1,0,0,1,0,0,0,1,0,0,"cca","cca","P","no",1,"a","0"
"593",593,593,593,593,593,593,593,593,1,0,0,1,0,0,0,1,0,0,"gat","gat","D","yes",0,"t","3"
"594",594,594,594,594,594,594,594,594,1,0,0,1,0,0,0,1,0,0,"ttg","ttg","L","no",1,"g","0"
"595",595,595,595,595,595,595,595,595,1,1.16,0,0.02,0,0.98,0,0.67,0,0.21,"gtg","gtg","V","no",1,"g","0"
"596",596,596,596,596,596,596,596,596,1,2.31,0,0.01,0,0.99,0,0.67,0,0.41,"cgg","cgg","R","no",0,"g","0"
"597",597,597,597,597,597,597,597,597,1,3.05,0,0.03,0,0.97,0,0.67,0,0.55,"tgt","tgt","C","yes",1,"t","4"
"598",598,598,598,598,598,598,598,598,1,0,0,1,0,0,0,1,0,0,"agc","agc","S","no",0,"c","0"
"599",599,599,599,599,599,599,599,599,1,0,0,1,0,0,0,1,0,0,"tgc","tgc","C","no",1,"c","0"
"600",600,600,600,600,600,600,600,600,1,0,0,1,0,0,0,1,0,0,"cat","cat","H","yes",1,"t","4"
"601",601,601,601,601,601,601,601,601,1,1.16,0,0.01,0,0.99,0,0.67,0,0.21,"gtg","gtg","V","no",1,"g","0"
"602",602,602,602,602,602,602,602,602,1,1.86,0,0.01,0,0.99,0,0.67,0,0.33,"gga","gga","G","no",0,"a","0"
"603",603,603,603,603,603,603,603,603,1,0,0,1,0,0,0,1,0,0,"gct","gct","A","no",0,"t","0"
"604",604,604,604,604,604,604,604,604,1,0,0,1,0,0,0,1,0,0,"tct","tct","S","no",0,"t","0"
"605",605,605,605,605,605,605,605,605,1,0,0,1,0,0,0,1,0,0,"aat","aat","N","yes",0,"t","3"
"606",606,606,606,606,606,606,606,606,1,0,0,1,0,0,0,1,0,0,"ccc","ccc","P","no",0,"c","0"
"607",607,607,607,607,607,607,607,607,1,0,0,1,0,0,0,1,0,0,"ttt","ttt","F","yes",0,"t","3"
"608",608,608,608,608,608,608,608,608,1,0,0,1,0,0,0,1,0,0,"tct","tct","S","no",1,"t","0"
"609",609,609,609,609,609,609,609,609,1,1.17,0,0.04,0,0.96,0,0.67,0,0.21,"gtg","gtg","V","no",1,"g","0"
"610",610,610,610,610,610,610,610,610,1,1.01,0,0.2,0,0.8,0,0.67,0,0.18,"cta","cta","L","no",0,"a","0"
"611",611,611,611,611,611,611,611,611,1,2.38,0,0.1,0,0.9,0,0.67,0,0.43,"acc","acc","T","no",0,"c","0"
"612",612,612,612,612,612,612,612,612,1,6.28,0,0.04,0,0.96,0,0.67,0,1.12,"tgc","tgc","C","no",1,"c","0"
"613",613,613,613,613,613,613,613,613,1,2.77,0,0.02,0,0.98,0,0.67,0,0.5,"aaa","aaa","K","yes",1,"a","2"
"614",614,614,614,614,614,614,614,614,1,0,0,1,0,0,0,1,0,0,"aaa","aaa","K","yes",0,"a","1"
"615",615,615,615,615,615,615,615,615,1,0,0,1,0,0,0,1,0,0,"tgt","tgt","C","yes",1,"t","4"
"616",616,616,616,616,616,616,616,616,1,0,0,1,0,0,0,1,0,0,"gct","gct","A","no",0,"t","0"
"617",617,617,617,617,617,617,617,617,1,0,0,1,0,0,0,1,0,0,"tac","tac","Y","no",0,"c","0"
"618",618,618,618,618,618,618,618,618,1,0.76,0,0.04,0,0.96,0,0.67,0,0.14,"ctg","ctg","L","no",1,"g","0"
"619",619,619,619,619,619,619,619,619,1,0,0,1,0,0,0,1,0,0,"tct","tct","S","no",1,"t","0"
"620",620,620,620,620,620,620,620,620,1,0,0,1,0,0,0,1,0,0,"gga","gga","G","no",0,"a","0"
"621",621,621,621,621,621,621,621,621,1,4.77,0,0.02,0,0.98,0,0.67,0,0.85,"ttg","ttg","L","no",1,"g","0"
"622",622,622,622,622,622,622,622,622,1,2.75,0,0.02,0,0.98,0,0.67,0,0.49,"caa","caa","Q","yes",1,"a","2"
"623",623,623,623,623,623,623,623,623,1,1.78,0.92,0.58,0,0.42,0,0.67,0,0.57,"agc","agc","S","no",0,"c","0"
"624",624,624,624,624,624,624,624,624,1,3.24,0,0.02,0,0.98,0,0.67,0,0.58,"ttt","ttt","F","yes",1,"t","4"
"625",625,625,625,625,625,625,625,625,1,0,0,1,0,0,0,1,0,0,"gta","gta","V","no",0,"a","0"
"626",626,626,626,626,626,626,626,626,1,0,0,1,0,0,0,1,0,0,"gat","gat","D","yes",0,"t","3"
"627",627,627,627,627,627,627,627,627,1,0,0,1,0,0,0,1,0,0,"tat","tat","Y","yes",1,"t","4"
"628",628,628,628,628,628,628,628,628,1,0,0,0.75,0,0.25,0,0.67,0,0,"gag","gag","E","no",0,"g","0"
