"","X.4","X.3","X.2","X.1","X","Site","Partition","X.alpha.","X.beta..sup....sup.","p.sup....sup.","X.beta..sup....sup..1","p.sup....sup..1","LRT","p.value","X..branches.under.selection","Total.branch.length","wtnt_codon","consensus_codon","consensus_AA","potential_CpG","makesCpG"
"1",1,1,1,1,1,1,1,0,0,1,0,0,0,1,0,0,"atg","atg","M","no",1
"2",2,2,2,2,2,2,1,0,0,1,0,0,0,1,0,0,"caa","caa","Q","yes",1
"3",3,3,3,3,3,3,1,4.12,0,0.04,0,0.96,0,0.67,0,0.42,"agt","agt","S","no",0
"4",4,4,4,4,4,4,1,0,0,1,0,0,0,1,0,0,"tca","tca","S","no",1
"5",5,5,5,5,5,5,1,0,0,0,4.48,1,3.15,0.1,2,1.16,"gag","gag","E","yes",0
"6",6,6,6,6,6,6,1,2.08,1.36,0.84,1.1,0.16,0,0.67,0,0.55,"atc","atc","I","no",0
"7",7,7,7,7,7,7,1,2.01,0,0.02,0,0.98,0,0.67,0,0.2,"ctc","ctc","L","no",0
"8",8,8,8,8,8,8,1,0,0,0.37,6.02,0.63,2.81,0.12,3,0.97,"ctc","ctc","L","no",0
"9",9,9,9,9,9,9,1,0,0,1,0,0,0,1,0,0,"tta","tta","L","no",0
"10",10,10,10,10,10,10,1,0,0,1,0,0,0,1,0,0,"gta","gta","V","no",0
"11",11,11,11,11,11,11,1,0,0,1,0,0,0,1,0,0,"tac","tac","Y","yes",0
"12",12,12,12,12,12,12,1,3.5,0,0.02,0,0.98,0,0.67,0,0.36,"tca","tca","S","no",1
"13",13,13,13,13,13,13,1,0,0,1,0,0,0,1,0,0,"agc","agc","S","no",0
"14",14,14,14,14,14,14,1,2.32,0,0.11,0,0.89,0,0.67,0,0.24,"ctg","ctg","L","no",1
"15",15,15,15,15,15,15,1,1.47,0,0.01,0,0.99,0,0.67,0,0.15,"cta","cta","L","no",0
"16",16,16,16,16,16,16,1,0,0,1,0,0,0,1,0,0,"tta","tta","L","no",0
"17",17,17,17,17,17,17,1,0,0,1,0,0,0,1,0,0,"tct","tct","S","no",0
"18",18,18,18,18,18,18,1,0,0,1,0,0,0,1,0,0,"tca","tca","S","no",1
"19",19,19,19,19,19,19,1,0,0,1,0,0,0,1,0,0,"tca","tca","S","no",1
"20",20,20,20,20,20,20,1,2.93,0,0.02,0,0.98,0,0.67,0,0.3,"tta","tta","L","no",0
"21",21,21,21,21,21,21,1,7.46,0,0.05,0,0.95,0,0.67,0,0.76,"tgt","tgt","C","yes",1
"22",22,22,22,22,22,22,1,7.29,0,0.02,0,0.98,0,0.67,0,0.74,"caa","caa","Q","yes",1
"23",23,23,23,23,23,23,1,0,0,1,0,0,0,1,0,0,"att","att","I","no",0
"24",24,24,24,24,24,24,1,2.87,0,0.02,0,0.98,0,0.67,0,0.29,"cca","cca","P","no",1
"25",25,25,25,25,25,25,1,0,0,0.79,6.32,0.21,0.49,0.43,1,0.34,"gta","gta","V","no",0
"26",26,26,26,26,26,26,1,2.56,0,0.04,0,0.96,0,0.67,0,0.26,"gac","gac","D","yes",0
"27",27,27,27,27,27,27,1,0,0,1,0,0,0,1,0,0,"aaa","aaa","K","yes",1
"28",28,28,28,28,28,28,1,3.03,0,0.03,0,0.97,0,0.67,0,0.31,"ctt","ctt","L","no",0
"29",29,29,29,29,29,29,1,0,0,1,0,0,0,1,0,0,"tca","tca","S","no",1
"30",30,30,30,30,30,30,1,0,0,1,0,0,0,1,0,0,"aat","aat","N","yes",1
"31",31,31,31,31,31,31,1,0,0,1,0,0,0,1,0,0,"gta","gta","V","no",0
"32",32,32,32,32,32,32,1,0,0,1,0,0,0,1,0,0,"ggg","ggg","G","no",0
"33",33,33,33,33,33,33,1,0,0,1,0,0,0,1,0,0,"gtt","gtt","V","no",0
"34",34,34,34,34,34,34,1,0,0,1,0,0,0,1,0,0,"ata","ata","I","no",0
"35",35,35,35,35,35,35,1,0,0,0.61,3.43,0.39,0.99,0.32,1,0.35,"atc","atc","I","no",0
"36",36,36,36,36,36,36,1,0,0,1,0,0,0,1,0,0,"aat","aat","N","yes",1
"37",37,37,37,37,37,37,1,0,0,1,0,0,0,1,0,0,"gag","gag","E","yes",0
"38",38,38,38,38,38,38,1,0,0,1,0,0,0,1,0,0,"ggc","ggc","G","no",0
"39",39,39,39,39,39,39,1,0,0,1,0,0,0,1,0,0,"aaa","aaa","K","yes",1
"40",40,40,40,40,40,40,1,0,0,1,0,0,0,1,0,0,"tta","tta","L","no",0
"41",41,41,41,41,41,41,1,3,0,0.02,0,0.98,0,0.67,0,0.3,"ctt","ctt","L","no",0
"42",42,42,42,42,42,42,1,4.09,0,0.01,0,0.99,0,0.67,0,0.42,"aaa","aaa","K","yes",0
"43",43,43,43,43,43,43,1,0,0,1,0,0,0,1,0,0,"ata","ata","I","no",0
"44",44,44,44,44,44,44,1,0,0,1,0,0,0,1,0,0,"gca","gca","A","no",1
"45",45,45,45,45,45,45,1,4.65,0,0.01,0,0.99,0,0.67,0,0.47,"gga","gga","G","no",0
"46",46,46,46,46,46,46,1,0,0,1,0,0,0,1,0,0,"tct","tct","S","no",0
"47",47,47,47,47,47,47,1,0,0,1,0,0,0,1,0,0,"tat","tat","Y","yes",1
"48",48,48,48,48,48,48,1,0,0,1,0,0,0,1,0,0,"gaa","gaa","E","yes",0
"49",49,49,49,49,49,49,1,0,0,0.52,2.54,0.48,0.69,0.38,1,0.32,"tct","tct","S","no",0
"50",50,50,50,50,50,50,1,0,0,1,0,0,0,1,0,0,"aga","aga","R","no",0
"51",51,51,51,51,51,51,1,0,0,1,0,0,0,1,0,0,"tac","tac","Y","yes",0
"52",52,52,52,52,52,52,1,0,0,1,0,0,0,1,0,0,"ata","ata","I","no",1
"53",53,53,53,53,53,53,1,0,0,1,0,0,0,1,0,0,"gtg","gtg","V","no",1
"54",54,54,54,54,54,54,1,0,0,1,0,0,0,1,0,0,"tta","tta","L","no",0
"55",55,55,55,55,55,55,1,0,0,1,0,0,0,1,0,0,"agc","agc","S","no",0
"56",56,56,56,56,56,56,1,0,0,1,0,0,0,1,0,0,"ctg","ctg","L","no",1
"57",57,57,57,57,57,57,1,0,0,1,0,0,0,1,0,0,"gta","gta","V","no",0
"58",58,58,58,58,58,58,1,0,0,1,0,0,0,1,0,0,"cct","cct","P","no",0
"59",59,59,59,59,59,59,1,6.5,0,0.02,0,0.98,0,0.67,0,0.66,"tcc","tcc","S","no",0
"60",60,60,60,60,60,60,1,0,0,1,0,0,0,1,0,0,"att","att","I","no",1
"61",61,61,61,61,61,61,1,2.54,0,0.02,0,0.98,0,0.67,0,0.26,"gac","gac","D","yes",0
"62",62,62,62,62,62,62,1,0,0,1,0,0,0,1,0,0,"tta","tta","L","no",0
"63",63,63,63,63,63,63,1,0,0,0,2.29,1,0.55,0.42,0,0.59,"caa","caa","Q","yes",1
"64",64,64,64,64,64,64,1,0,0,1,0,0,0,1,0,0,"gat","gat","D","yes",1
"65",65,65,65,65,65,65,1,0,0,1,0,0,0,1,0,0,"gga","gga","G","no",0
"66",66,66,66,66,66,66,1,0,0,1,0,0,0,1,0,0,"tgt","tgt","C","yes",1
"67",67,67,67,67,67,67,1,9.77,0,0.05,0,0.95,0,0.67,0,0.99,"gga","gga","G","no",0
"68",68,68,68,68,68,68,1,0,0,1,0,0,0,1,0,0,"aca","aca","T","no",1
"69",69,69,69,69,69,69,1,6.17,0,0.01,0,0.99,0,0.67,0,0.63,"act","act","T","no",0
"70",70,70,70,70,70,70,1,0,0,1,0,0,0,1,0,0,"caa","caa","Q","yes",1
"71",71,71,71,71,71,71,1,0,0,1,0,0,0,1,0,0,"att","att","I","no",0
"72",72,72,72,72,72,72,1,0,0,1,0,0,0,1,0,0,"att","att","I","no",0
"73",73,73,73,73,73,73,1,0,0,1,0,0,0,1,0,0,"caa","caa","Q","yes",1
"74",74,74,74,74,74,74,1,0,0,1,0,0,0,1,0,0,"tac","tac","Y","yes",0
"75",75,75,75,75,75,75,1,0,0,1,0,0,0,1,0,0,"aag","aag","K","yes",1
"76",76,76,76,76,76,76,1,0,0,1,0,0,0,1,0,0,"aat","aat","N","yes",0
"77",77,77,77,77,77,77,1,0,0,1,0,0,0,1,0,0,"tta","tta","L","no",0
"78",78,78,78,78,78,78,1,3.01,0,0.01,0,0.99,0,0.67,0,0.31,"tta","tta","L","no",0
"79",79,79,79,79,79,79,1,0,0,1,0,0,0,1,0,0,"aat","aat","N","yes",0
"80",80,80,80,80,80,80,1,0,0,1,0,0,0,1,0,0,"aga","aga","R","no",0
"81",81,81,81,81,81,81,1,0,0,1,0,0,0,1,0,0,"ctt","ctt","L","no",0
"82",82,82,82,82,82,82,1,0,0,1,0,0,0,1,0,0,"cta","cta","L","no",0
"83",83,83,83,83,83,83,1,3.1,0,0.03,0,0.97,0,0.67,0,0.32,"att","att","I","no",0
"84",84,84,84,84,84,84,1,2.8,0,0.03,0,0.97,0,0.67,0,0.29,"cct","cct","P","no",0
"85",85,85,85,85,85,85,1,0,0,1,0,0,0,1,0,0,"ctg","ctg","L","no",1
"86",86,86,86,86,86,86,1,0,0,1,0,0,0,1,0,0,"aag","aag","K","yes",0
"87",87,87,87,87,87,87,1,0,0,1,0,0,0,1,0,0,"gat","gat","D","yes",1
"88",88,88,88,88,88,88,1,4.46,0,0.02,0,0.98,0,0.67,0,0.45,"gcc","gcc","A","no",0
"89",89,89,89,89,89,89,1,0,0,1,0,0,0,1,0,0,"ttg","ttg","L","no",1
"90",90,90,90,90,90,90,1,0,0,1,0,0,0,1,0,0,"gat","gat","D","yes",0
"91",91,91,91,91,91,91,1,0,0,1,0,0,0,1,0,0,"ctt","ctt","L","no",0
"92",92,92,92,92,92,92,1,2.15,0,0.01,0,0.99,0,0.67,0,0.22,"cag","cag","Q","yes",1
"93",93,93,93,93,93,93,1,0,0,1,0,0,0,1,0,0,"gaa","gaa","E","yes",0
"94",94,94,94,94,94,94,1,2.01,0,0.03,0,0.97,0,0.67,0,0.2,"tcc","tcc","S","no",0
"95",95,95,95,95,95,95,1,0,0,1,0,0,0,1,0,0,"ctg","ctg","L","no",1
"96",96,96,96,96,96,96,1,0,0,1,0,0,0,1,0,0,"ata","ata","I","no",0
"97",97,97,97,97,97,97,1,0,0,1,0,0,0,1,0,0,"aca","aca","T","no",1
"98",98,98,98,98,98,98,1,0,0,0,1.14,1,0.18,0.53,1,0.29,"ata","ata","I","no",0
"99",99,99,99,99,99,99,1,0,0,1,0,0,0,1,0,0,"acc","acc","T","no",0
"100",100,100,100,100,100,100,1,0,0,1,0,0,0,1,0,0,"aat","aat","N","yes",1
"101",101,101,101,101,101,101,1,0,0,1,0,0,0,1,0,0,"gac","gac","D","yes",0
"102",102,102,102,102,102,102,1,0,0,1,0,0,0,1,0,0,"acc","acc","T","no",1
"103",103,103,103,103,103,103,1,3,2.7,0.42,0,0.58,0,0.67,0,0.6,"act","act","T","no",1
"104",104,104,104,104,104,104,1,0,0,1,0,0,0,1,0,0,"gtg","gtg","V","no",1
"105",105,105,105,105,105,105,1,0,0,1,0,0,0,1,0,0,"aca","aca","T","no",1
"106",106,106,106,106,106,106,1,0,0,1,0,0,0,1,0,0,"aat","aat","N","yes",1
"107",107,107,107,107,107,107,1,2.55,0,0.11,0,0.89,0,0.67,0,0.26,"gac","gac","D","yes",0
"108",108,108,108,108,108,108,1,4.18,0,0.03,0,0.97,0,0.67,0,0.43,"aat","aat","N","yes",1
"109",109,109,109,109,109,109,1,0,0,1,0,0,0,1,0,0,"cca","cca","P","no",1
"110",110,110,110,110,110,110,1,0,0,1,0,0,0,1,0,0,"caa","caa","Q","yes",1
"111",111,111,111,111,111,111,1,0,0,0.5,2.29,0.5,0.65,0.39,1,0.29,"act","act","T","no",0
"112",112,112,112,112,112,112,1,0,0,1,0,0,0,1,0,0,"aga","aga","R","no",0
"113",113,113,113,113,113,113,1,0,0,1,0,0,0,1,0,0,"ttc","ttc","F","yes",0
"114",114,114,114,114,114,114,1,4.14,0,0.04,0,0.96,0,0.67,0,0.42,"ttt","ttt","F","yes",1
"115",115,115,115,115,115,115,1,0,0,1,0,0,0,1,0,0,"ggt","ggt","G","no",1
"116",116,116,116,116,116,116,1,3.08,0,0.01,0,0.99,0,0.67,0,0.31,"gct","gct","A","no",1
"117",117,117,117,117,117,117,1,0,0,1,0,0,0,1,0,0,"gtc","gtc","V","no",0
"118",118,118,118,118,118,118,1,0,0,1,0,0,0,1,0,0,"att","att","I","no",1
"119",119,119,119,119,119,119,1,2.97,0,0.03,0,0.97,0,0.67,0,0.3,"ggt","ggt","G","no",0
"120",120,120,120,120,120,120,1,0,0,1,0,0,0,1,0,0,"acc","acc","T","no",0
"121",121,121,121,121,121,121,1,0,0,1,0,0,0,1,0,0,"ata","ata","I","no",1
"122",122,122,122,122,122,122,1,0,0,1,0,0,0,1,0,0,"gca","gca","A","no",1
"123",123,123,123,123,123,123,1,1.69,0,0.02,0,0.98,0,0.67,0,0.17,"cta","cta","L","no",0
"124",124,124,124,124,124,124,1,0,0,1,0,0,0,1,0,0,"gga","gga","G","no",0
"125",125,125,125,125,125,125,1,0,0,1,0,0,0,1,0,0,"gta","gta","V","no",0
"126",126,126,126,126,126,126,1,2.01,0,0.03,0,0.97,0,0.67,0,0.2,"gcc","gcc","A","no",0
"127",127,127,127,127,127,127,1,0,0,1,0,0,0,1,0,0,"aca","aca","T","no",1
"128",128,128,128,128,128,128,1,0,0,1,0,0,0,1,0,0,"gct","gct","A","no",1
"129",129,129,129,129,129,129,1,0,0,1,0,0,0,1,0,0,"gct","gct","A","no",0
"130",130,130,130,130,130,130,1,0,0,1,0,0,0,1,0,0,"cag","cag","Q","yes",1
"131",131,131,131,131,131,131,1,0,0,1,0,0,0,1,0,0,"ata","ata","I","no",0
"132",132,132,132,132,132,132,1,0,0,1,0,0,0,1,0,0,"act","act","T","no",1
"133",133,133,133,133,133,133,1,2.63,0,0.01,0,0.99,0,0.67,0,0.27,"gcg","gcg","A","no",0
"134",134,134,134,134,134,134,1,0,0,1,0,0,0,1,0,0,"gga","gga","G","no",0
"135",135,135,135,135,135,135,1,0,0,1,0,0,0,1,0,0,"att","att","I","no",1
"136",136,136,136,136,136,136,1,0,0,1,0,0,0,1,0,0,"gca","gca","A","no",1
"137",137,137,137,137,137,137,1,0,0,1,0,0,0,1,0,0,"cta","cta","L","no",0
"138",138,138,138,138,138,138,1,2.04,0,0.01,0,0.99,0,0.67,0,0.21,"gcc","gcc","A","no",0
"139",139,139,139,139,139,139,1,0,0,1,0,0,0,1,0,0,"gaa","gaa","E","yes",0
"140",140,140,140,140,140,140,1,0,0,1,0,0,0,1,0,0,"gca","gca","A","no",1
"141",141,141,141,141,141,141,1,0,0,1,0,0,0,1,0,0,"cga","cga","R","no",0
"142",142,142,142,142,142,142,1,0,0,1,0,0,0,1,0,0,"gaa","gaa","E","yes",0
"143",143,143,143,143,143,143,1,0,0,1,0,0,0,1,0,0,"gcc","gcc","A","no",0
"144",144,144,144,144,144,144,1,2,0,0.02,0,0.98,0,0.67,0,0.2,"agg","agg","R","no",1
"145",145,145,145,145,145,145,1,0,0,1,0,0,0,1,0,0,"aag","aag","K","yes",0
"146",146,146,146,146,146,146,1,0,0,1,0,0,0,1,0,0,"gac","gac","D","yes",0
"147",147,147,147,147,147,147,1,0,0,1,0,0,0,1,0,0,"ata","ata","I","no",1
"148",148,148,148,148,148,148,1,0,0,1,0,0,0,1,0,0,"gca","gca","A","no",1
"149",149,149,149,149,149,149,1,0,0,1,0,0,0,1,0,0,"cta","cta","L","no",0
"150",150,150,150,150,150,150,1,12.67,0,0.02,0,0.98,0,0.67,0,1.29,"ata","ata","I","no",0
"151",151,151,151,151,151,151,1,0,0,1,0,0,0,1,0,0,"aaa","aaa","K","yes",0
"152",152,152,152,152,152,152,1,3.85,0,0.04,0,0.96,0,0.67,0,0.39,"gat","gat","D","yes",0
"153",153,153,153,153,153,153,1,0,0,1,0,0,0,1,0,0,"tcc","tcc","S","no",0
"154",154,154,154,154,154,154,1,0,0,1,0,0,0,1,0,0,"ata","ata","I","no",1
"155",155,155,155,155,155,155,1,2.01,2.01,0.28,2.67,0.72,0.03,0.62,0,0.85,"gtc","gtc","V","no",0
"156",156,156,156,156,156,156,1,0,0,1,0,0,0,1,0,0,"aag","aag","K","yes",1
"157",157,157,157,157,157,157,1,0,0,1,0,0,0,1,0,0,"aca","aca","T","no",1
"158",158,158,158,158,158,158,1,0,0,1,0,0,0,1,0,0,"cac","cac","H","yes",1
"159",159,159,159,159,159,159,1,0,0,1,0,0,0,1,0,0,"aat","aat","N","yes",1
"160",160,160,160,160,160,160,1,0,0,1,0,0,0,1,0,0,"tct","tct","S","no",1
"161",161,161,161,161,161,161,1,0,0,1,0,0,0,1,0,0,"gta","gta","V","no",0
"162",162,162,162,162,162,162,1,0,0,1,0,0,0,1,0,0,"gaa","gaa","E","yes",0
"163",163,163,163,163,163,163,1,0,0,1,0,0,0,1,0,0,"ttc","ttc","F","yes",0
"164",164,164,164,164,164,164,1,0,0,1,0,0,0,1,0,0,"att","att","I","no",1
"165",165,165,165,165,165,165,1,0,0,1,0,0,0,1,0,0,"caa","caa","Q","yes",1
"166",166,166,166,166,166,166,1,0,0,1,0,0,0,1,0,0,"aga","aga","R","no",0
"167",167,167,167,167,167,167,1,2.97,0,0.03,0,0.97,0,0.67,0,0.3,"ggt","ggt","G","no",0
"168",168,168,168,168,168,168,1,0,0,1,0,0,0,1,0,0,"ata","ata","I","no",0
"169",169,169,169,169,169,169,1,0,0,1,0,0,0,1,0,0,"gga","gga","G","no",0
"170",170,170,170,170,170,170,1,0,0,1,0,0,0,1,0,0,"gaa","gaa","E","yes",0
"171",171,171,171,171,171,171,1,2.26,0,0.02,0,0.98,0,0.67,0,0.23,"cag","cag","Q","yes",1
"172",172,172,172,172,172,172,1,0,0,1,0,0,0,1,0,0,"ata","ata","I","no",0
"173",173,173,173,173,173,173,1,0,0,1,0,0,0,1,0,0,"att","att","I","no",1
"174",174,174,174,174,174,174,1,0,0,1,0,0,0,1,0,0,"gca","gca","A","no",1
"175",175,175,175,175,175,175,1,0,0,1,0,0,0,1,0,0,"tta","tta","L","no",0
"176",176,176,176,176,176,176,1,0,0,1,0,0,0,1,0,0,"aag","aag","K","yes",0
"177",177,177,177,177,177,177,1,0,0,1,0,0,0,1,0,0,"aca","aca","T","no",1
"178",178,178,178,178,178,178,1,0,0,1,0,0,0,1,0,0,"tta","tta","L","no",0
"179",179,179,179,179,179,179,1,0,0,1,0,0,0,1,0,0,"caa","caa","Q","yes",1
"180",180,180,180,180,180,180,1,4.15,0,0.02,0,0.98,0,0.67,0,0.42,"gat","gat","D","yes",0
"181",181,181,181,181,181,181,1,0,0,1,0,0,0,1,0,0,"ttt","ttt","F","yes",1
"182",182,182,182,182,182,182,1,0,0,1,0,0,0,1,0,0,"gta","gta","V","no",0
"183",183,183,183,183,183,183,1,0,0,1,0,0,0,1,0,0,"aat","aat","N","yes",1
"184",184,184,184,184,184,184,1,2.54,0,0.02,0,0.98,0,0.67,0,0.26,"gac","gac","D","yes",0
"185",185,185,185,185,185,185,1,0,0,1,0,0,0,1,0,0,"gag","gag","E","yes",0
"186",186,186,186,186,186,186,1,0,0,1,0,0,0,1,0,0,"ata","ata","I","no",0
"187",187,187,187,187,187,187,1,0,0,0.98,313.08,0.02,7.22,0.01,1,1.47,"aga","aga","R","no",0
"188",188,188,188,188,188,188,1,0,0,1,0,0,0,1,0,0,"cct","cct","P","no",1
"189",189,189,189,189,189,189,1,4.75,0,0.11,0,0.89,0,0.67,0,0.48,"gca","gca","A","no",1
"190",190,190,190,190,190,190,1,0,0,1,0,0,0,1,0,0,"ata","ata","I","no",0
"191",191,191,191,191,191,191,1,0,0,1,0,0,0,1,0,0,"gga","gga","G","no",0
"192",192,192,192,192,192,192,1,0,0,1,0,0,0,1,0,0,"gaa","gaa","E","yes",0
"193",193,193,193,193,193,193,1,0,0,1,0,0,0,1,0,0,"cta","cta","L","no",0
"194",194,194,194,194,194,194,1,0,0,1,0,0,0,1,0,0,"agg","agg","R","no",0
"195",195,195,195,195,195,195,1,0,0,1,0,0,0,1,0,0,"tgt","tgt","C","yes",1
"196",196,196,196,196,196,196,1,0,0,1,0,0,0,1,0,0,"gag","gag","E","yes",0
"197",197,197,197,197,197,197,1,2.94,0,0.01,0,0.99,0,0.67,0,0.3,"act","act","T","no",0
"198",198,198,198,198,198,198,1,1.95,0,0.04,0,0.96,0,0.67,0,0.2,"acg","acg","T","no",0
"199",199,199,199,199,199,199,1,4.89,0,0.01,0,0.99,0,0.67,0,0.5,"gca","gca","A","no",1
"200",200,200,200,200,200,200,1,4.23,2,1,1.78,0,0,0.67,0,0.95,"ttg","ttg","L","no",1
"201",201,201,201,201,201,201,1,0,0,1,0,0,0,1,0,0,"aaa","aaa","K","yes",0
"202",202,202,202,202,202,202,1,3.47,0,0.02,0,0.98,0,0.67,0,0.35,"cta","cta","L","no",0
"203",203,203,203,203,203,203,1,0,0,1,0,0,0,1,0,0,"ggg","ggg","G","no",0
"204",204,204,204,204,204,204,1,2.22,0,0.1,0,0.9,0,0.67,0,0.23,"atc","atc","I","no",0
"205",205,205,205,205,205,205,1,0,0,1,0,0,0,1,0,0,"aag","aag","K","yes",1
"206",206,206,206,206,206,206,1,0,0,1,0,0,0,1,0,0,"ctc","ctc","L","no",0
"207",207,207,207,207,207,207,1,2.09,0,0.11,0,0.89,0,0.67,0,0.21,"acc","acc","T","no",1
"208",208,208,208,208,208,208,1,0,0,1,0,0,0,1,0,0,"caa","caa","Q","yes",1
"209",209,209,209,209,209,209,1,0,0,1,0,0,0,1,0,0,"cac","cac","H","yes",1
"210",210,210,210,210,210,210,1,0,0,1,0,0,0,1,0,0,"tac","tac","Y","yes",0
"211",211,211,211,211,211,211,1,0,0,0.38,1.96,0.62,0.68,0.38,1,0.31,"tct","tct","S","no",1
"212",212,212,212,212,212,212,1,0,0,1,0,0,0,1,0,0,"gaa","gaa","E","yes",0
"213",213,213,213,213,213,213,1,0,0,1,0,0,0,1,0,0,"tta","tta","L","no",0
"214",214,214,214,214,214,214,1,0,0,1,0,0,0,1,0,0,"gca","gca","A","no",1
"215",215,215,215,215,215,215,1,4.74,0,0.02,0,0.98,0,0.67,0,0.48,"aca","aca","T","no",1
"216",216,216,216,216,216,216,1,0,0,1,0,0,0,1,0,0,"gca","gca","A","no",1
"217",217,217,217,217,217,217,1,0,0,1,0,0,0,1,0,0,"ttc","ttc","F","yes",0
"218",218,218,218,218,218,218,1,0,0,1,0,0,0,1,0,0,"agc","agc","S","no",1
"219",219,219,219,219,219,219,1,4.09,0,0.02,0,0.98,0,0.67,0,0.42,"tcc","tcc","S","no",0
"220",220,220,220,220,220,220,1,0,0,1,0,0,0,1,0,0,"aat","aat","N","yes",1
"221",221,221,221,221,221,221,1,0,0,1,0,0,0,1,0,0,"ctt","ctt","L","no",1
"222",222,222,222,222,222,222,1,0,0,1,0,0,0,1,0,0,"ggg","ggg","G","no",0
"223",223,223,223,223,223,223,1,0,0,1,0,0,0,1,0,0,"act","act","T","no",0
"224",224,224,224,224,224,224,1,0,0,1,0,0,0,1,0,0,"ata","ata","I","no",0
"225",225,225,225,225,225,225,1,0,0,1,0,0,0,1,0,0,"gga","gga","G","no",0
"226",226,226,226,226,226,226,1,0,0,1,0,0,0,1,0,0,"gaa","gaa","E","yes",0
"227",227,227,227,227,227,227,1,0,0,1,0,0,0,1,0,0,"aaa","aaa","K","yes",0
"228",228,228,228,228,228,228,1,0,0,1,0,0,0,1,0,0,"agt","agt","S","no",0
"229",229,229,229,229,229,229,1,2.98,0,0.02,0,0.98,0,0.67,0,0.3,"ctt","ctt","L","no",0
"230",230,230,230,230,230,230,1,2.03,0,0.1,0,0.9,0,0.67,0,0.21,"acc","acc","T","no",0
"231",231,231,231,231,231,231,1,1.45,0,0.04,0,0.96,0,0.67,0,0.15,"ttg","ttg","L","no",1
"232",232,232,232,232,232,232,1,0,0,1,0,0,0,1,0,0,"cag","cag","Q","yes",1
"233",233,233,233,233,233,233,1,0,0,1,0,0,0,1,0,0,"gca","gca","A","no",1
"234",234,234,234,234,234,234,1,0,0,1,0,0,0,1,0,0,"tta","tta","L","no",0
"235",235,235,235,235,235,235,1,0,0,1,0,0,0,1,0,0,"tca","tca","S","no",1
"236",236,236,236,236,236,236,1,0,0,1,0,0,0,1,0,0,"tct","tct","S","no",0
"237",237,237,237,237,237,237,1,0,0,1,0,0,0,1,0,0,"ctc","ctc","L","no",0
"238",238,238,238,238,238,238,1,0,0,1,0,0,0,1,0,0,"tac","tac","Y","yes",0
"239",239,239,239,239,239,239,1,0,0,1,0,0,0,1,0,0,"tct","tct","S","no",1
"240",240,240,240,240,240,240,1,2.95,1.13,0.82,0.72,0.18,0,0.67,0,0.57,"gct","gct","A","no",0
"241",241,241,241,241,241,241,1,4.19,0,0.02,0,0.98,0,0.67,0,0.43,"aat","aat","N","yes",0
"242",242,242,242,242,242,242,1,0,0,1,0,0,0,1,0,0,"ata","ata","I","no",0
"243",243,243,243,243,243,243,1,0,0,1,0,0,0,1,0,0,"aca","aca","T","no",1
"244",244,244,244,244,244,244,1,8.14,0,0.04,0,0.96,0,0.67,0,0.83,"gaa","gaa","E","yes",0
"245",245,245,245,245,245,245,1,0,0,1,0,0,0,1,0,0,"att","att","I","no",0
"246",246,246,246,246,246,246,1,0,0,1,0,0,0,1,0,0,"cta","cta","L","no",0
"247",247,247,247,247,247,247,1,0,0,0.97,77.09,0.03,0.85,0.35,1,0.59,"agt","agt","S","no",0
"248",248,248,248,248,248,248,1,0,0,1,0,0,0,1,0,0,"aca","aca","T","no",1
"249",249,249,249,249,249,249,1,3.12,0,0.02,0,0.98,0,0.67,0,0.32,"att","att","I","no",0
"250",250,250,250,250,250,250,1,0,0,1,0,0,0,1,0,0,"aaa","aaa","K","yes",0
"251",251,251,251,251,251,251,1,0,0,1,0,0,0,1,0,0,"aaa","aaa","K","yes",0
"252",252,252,252,252,252,252,1,0,0,1,0,0,0,1,0,0,"gat","gat","D","yes",0
"253",253,253,253,253,253,253,1,0,0,1,0,0,0,1,0,0,"aaa","aaa","K","yes",0
"254",254,254,254,254,254,254,1,0,0,1,0,0,0,1,0,0,"tca","tca","S","no",1
"255",255,255,255,255,255,255,1,0,0,1,0,0,0,1,0,0,"gat","gat","D","yes",0
"256",256,256,256,256,256,256,1,12.73,0,0.04,0,0.96,0,0.67,0,1.3,"ata","ata","I","no",0
"257",257,257,257,257,257,257,1,0,0,1,0,0,0,1,0,0,"tat","tat","Y","yes",1
"258",258,258,258,258,258,258,1,0,0,1,0,0,0,1,0,0,"gac","gac","D","yes",0
"259",259,259,259,259,259,259,1,0,0,1,0,0,0,1,0,0,"atc","atc","I","no",1
"260",260,260,260,260,260,260,1,0,0,1,0,0,0,1,0,0,"att","att","I","no",1
"261",261,261,261,261,261,261,1,0,0,1,0,0,0,1,0,0,"tac","tac","Y","yes",0
"262",262,262,262,262,262,262,1,0,0,1,0,0,0,1,0,0,"act","act","T","no",1
"263",263,263,263,263,263,263,1,0,0,1,0,0,0,1,0,0,"gaa","gaa","E","yes",0
"264",264,264,264,264,264,264,1,0,0,1,0,0,0,1,0,0,"caa","caa","Q","yes",1
"265",265,265,265,265,265,265,1,2.9,2.9,0.43,0,0.57,0,0.67,0,0.62,"gtt","gtt","V","no",0
"266",266,266,266,266,266,266,1,0,0,1,0,0,0,1,0,0,"aaa","aaa","K","yes",0
"267",267,267,267,267,267,267,1,0,0,1,0,0,0,1,0,0,"gga","gga","G","no",0
"268",268,268,268,268,268,268,1,0,0,1,0,0,0,1,0,0,"act","act","T","no",1
"269",269,269,269,269,269,269,1,4.08,0,0.02,0,0.98,0,0.67,0,0.42,"gtg","gtg","V","no",1
"270",270,270,270,270,270,270,1,0,0,1,0,0,0,1,0,0,"ata","ata","I","no",0
"271",271,271,271,271,271,271,1,0,0,1,0,0,0,1,0,0,"gat","gat","D","yes",1
"272",272,272,272,272,272,272,1,0,0,1,0,0,0,1,0,0,"gtt","gtt","V","no",1
"273",273,273,273,273,273,273,1,4.14,0,0.02,0,0.98,0,0.67,0,0.42,"gat","gat","D","yes",0
"274",274,274,274,274,274,274,1,2.99,0,0.01,0,0.99,0,0.67,0,0.3,"ttg","ttg","L","no",1
"275",275,275,275,275,275,275,1,0,0,1,0,0,0,1,0,0,"gaa","gaa","E","yes",0
"276",276,276,276,276,276,276,1,0,0,1,0,0,0,1,0,0,"aaa","aaa","K","yes",0
"277",277,277,277,277,277,277,1,0,0,1,0,0,0,1,0,0,"tat","tat","Y","yes",0
"278",278,278,278,278,278,278,1,0,0,1,0,0,0,1,0,0,"atg","atg","M","no",1
"279",279,279,279,279,279,279,1,0,0,1,0,0,0,1,0,0,"gtt","gtt","V","no",0
"280",280,280,280,280,280,280,1,2.01,0,0.05,0,0.95,0,0.67,0,0.2,"acc","acc","T","no",0
"281",281,281,281,281,281,281,1,4.21,0,0.04,0,0.96,0,0.67,0,0.43,"ctc","ctc","L","no",0
"282",282,282,282,282,282,282,1,0,0,1,0,0,0,1,0,0,"tta","tta","L","no",0
"283",283,283,283,283,283,283,1,0,0,1,0,0,0,1,0,0,"gtt","gtt","V","no",0
"284",284,284,284,284,284,284,1,0,0,1,0,0,0,1,0,0,"aaa","aaa","K","yes",0
"285",285,285,285,285,285,285,1,0,0,1,0,0,0,1,0,0,"ata","ata","I","no",0
"286",286,286,286,286,286,286,1,0,0,1,0,0,0,1,0,0,"cca","cca","P","no",1
"287",287,287,287,287,287,287,1,0,0,1,0,0,0,1,0,0,"att","att","I","no",0
"288",288,288,288,288,288,288,1,0,0,1,0,0,0,1,0,0,"tta","tta","L","no",0
"289",289,289,289,289,289,289,1,0,0,1,0,0,0,1,0,0,"tca","tca","S","no",1
"290",290,290,290,290,290,290,1,0,0,0.31,1.96,0.69,0.33,0.48,1,0.35,"gaa","gaa","E","yes",0
"291",291,291,291,291,291,291,1,0,0,1,0,0,0,1,0,0,"ata","ata","I","no",0
"292",292,292,292,292,292,292,1,0,0,1,0,0,0,1,0,0,"cca","cca","P","no",1
"293",293,293,293,293,293,293,1,2.04,0,0.02,0,0.98,0,0.67,0,0.21,"ggc","ggc","G","no",0
"294",294,294,294,294,294,294,1,0,0,1,0,0,0,1,0,0,"gta","gta","V","no",0
"295",295,295,295,295,295,295,1,0,0,1,0,0,0,1,0,0,"ttg","ttg","L","no",1
"296",296,296,296,296,296,296,1,0,0,1,0,0,0,1,0,0,"ata","ata","I","no",0
"297",297,297,297,297,297,297,1,2.54,0,0.11,0,0.89,0,0.67,0,0.26,"tac","tac","Y","yes",0
"298",298,298,298,298,298,298,1,0,0,1,0,0,0,1,0,0,"aga","aga","R","no",1
"299",299,299,299,299,299,299,1,0,0,1,0,0,0,1,0,0,"gct","gct","A","no",0
"300",300,300,300,300,300,300,1,0,0,1,0,0,0,1,0,0,"tca","tca","S","no",1
"301",301,301,301,301,301,301,1,0,0,1,0,0,0,1,0,0,"tct","tct","S","no",0
"302",302,302,302,302,302,302,1,0,0,1,0,0,0,1,0,0,"ata","ata","I","no",0
"303",303,303,303,303,303,303,1,0,0,1,0,0,0,1,0,0,"tct","tct","S","no",0
"304",304,304,304,304,304,304,1,3.95,0,0.02,0,0.98,0,0.67,0,0.4,"tat","tat","Y","yes",0
"305",305,305,305,305,305,305,1,4.12,0,0,0,1,0,0.67,0,0.42,"aat","aat","N","yes",0
"306",306,306,306,306,306,306,1,0,0,1,0,0,0,1,0,0,"att","att","I","no",1
"307",307,307,307,307,307,307,1,0,0,1,0,0,0,1,0,0,"gaa","gaa","E","yes",0
"308",308,308,308,308,308,308,1,0,0,1,0,0,0,1,0,0,"gga","gga","G","no",0
"309",309,309,309,309,309,309,1,0,0,1,0,0,0,1,0,0,"gaa","gaa","E","yes",0
"310",310,310,310,310,310,310,1,0,0,1,0,0,0,1,0,0,"gaa","gaa","E","yes",0
"311",311,311,311,311,311,311,1,0,0,1,0,0,0,1,0,0,"tgg","tgg","W","no",1
"312",312,312,312,312,312,312,1,0,0,1,0,0,0,1,0,0,"cat","cat","H","yes",1
"313",313,313,313,313,313,313,1,2.52,0,0.02,0,0.98,0,0.67,0,0.26,"gtc","gtc","V","no",0
"314",314,314,314,314,314,314,1,0,0,1,0,0,0,1,0,0,"gca","gca","A","no",1
"315",315,315,315,315,315,315,1,0,0,1,0,0,0,1,0,0,"atc","atc","I","no",0
"316",316,316,316,316,316,316,1,4.74,0,0.02,0,0.98,0,0.67,0,0.48,"cca","cca","P","no",1
"317",317,317,317,317,317,317,1,0,0,1,0,0,0,1,0,0,"aat","aat","N","yes",0
"318",318,318,318,318,318,318,1,0,0,1,0,0,0,1,0,0,"tac","tac","Y","yes",0
"319",319,319,319,319,319,319,1,0,0,1,0,0,0,1,0,0,"ata","ata","I","no",1
"320",320,320,320,320,320,320,1,2.08,0,0.01,0,0.99,0,0.67,0,0.21,"atc","atc","I","no",0
"321",321,321,321,321,321,321,1,0,0,0.6,3.4,0.4,0.56,0.41,1,0.35,"aat","aat","N","yes",1
"322",322,322,322,322,322,322,1,0,0,1,0,0,0,1,0,0,"aag","aag","K","yes",0
"323",323,323,323,323,323,323,1,4.88,0,0.02,0,0.98,0,0.67,0,0.5,"gca","gca","A","no",1
"324",324,324,324,324,324,324,1,0,0,1,0,0,0,1,0,0,"tca","tca","S","no",1
"325",325,325,325,325,325,325,1,0,0,1,0,0,0,1,0,0,"tct","tct","S","no",0
"326",326,326,326,326,326,326,1,3,0,0.02,0,0.98,0,0.67,0,0.3,"tta","tta","L","no",0
"327",327,327,327,327,327,327,1,0,0,1,0,0,0,1,0,0,"gga","gga","G","no",0
"328",328,328,328,328,328,328,1,0,0,1,0,0,0,1,0,0,"ggt","ggt","G","no",1
"329",329,329,329,329,329,329,1,0,0,1,0,0,0,1,0,0,"gca","gca","A","no",1
"330",330,330,330,330,330,330,1,0,0,1,0,0,0,1,0,0,"gat","gat","D","yes",1
"331",331,331,331,331,331,331,1,0,0,1,0,0,0,1,0,0,"gtc","gtc","V","no",0
"332",332,332,332,332,332,332,1,0,0,1,0,0,0,1,0,0,"aca","aca","T","no",1
"333",333,333,333,333,333,333,1,0,0,1,0,0,0,1,0,0,"aac","aac","N","yes",0
"334",334,334,334,334,334,334,1,0,0,0.97,102.27,0.03,0.99,0.32,1,0.76,"tgt","tgt","C","yes",1
"335",335,335,335,335,335,335,1,0,0,0.98,961.72,0.02,1.59,0.23,1,3.95,"ata","ata","I","no",0
"336",336,336,336,336,336,336,1,0,0,0.97,85.31,0.03,0.69,0.38,1,0.68,"gaa","gaa","E","yes",0
"337",337,337,337,337,337,337,1,0,0,0.61,3.57,0.39,0.54,0.42,1,0.36,"tca","tca","S","no",1
"338",338,338,338,338,338,338,1,0,0,1,0,0,0,1,0,0,"aaa","aaa","K","yes",0
"339",339,339,339,339,339,339,1,1.9,0,0.05,0,0.95,0,0.67,0,0.19,"ttg","ttg","L","no",1
"340",340,340,340,340,340,340,1,0,0,1,0,0,0,1,0,0,"gca","gca","A","no",1
"341",341,341,341,341,341,341,1,0,0,1,0,0,0,1,0,0,"tat","tat","Y","yes",0
"342",342,342,342,342,342,342,1,0,0,1,0,0,0,1,0,0,"ata","ata","I","no",0
"343",343,343,343,343,343,343,1,0,0,1,0,0,0,1,0,0,"tgt","tgt","C","yes",1
"344",344,344,344,344,344,344,1,2.95,0,0.03,0,0.97,0,0.67,0,0.3,"cct","cct","P","no",0
"345",345,345,345,345,345,345,1,0,0,0,1.35,1,0.4,0.46,0,0.35,"aga","aga","R","no",0
"346",346,346,346,346,346,346,1,0,0,1,0,0,0,1,0,0,"gat","gat","D","yes",0
"347",347,347,347,347,347,347,1,3.02,0,0.02,0,0.98,0,0.67,0,0.31,"cct","cct","P","no",0
"348",348,348,348,348,348,348,1,4.88,0,0.05,0,0.95,0,0.67,0,0.5,"aca","aca","T","no",1
"349",349,349,349,349,349,349,1,0,0,1,0,0,0,1,0,0,"caa","caa","Q","yes",1
"350",350,350,350,350,350,350,1,0,0,1,0,0,0,1,0,0,"tta","tta","L","no",0
"351",351,351,351,351,351,351,1,0,0,1,0,0,0,1,0,0,"ata","ata","I","no",0
"352",352,352,352,352,352,352,1,0,0,1,0,0,0,1,0,0,"cct","cct","P","no",1
"353",353,353,353,353,353,353,1,0,0,1,0,0,0,1,0,0,"gac","gac","D","yes",0
"354",354,354,354,354,354,354,1,0,0,1,0,0,0,1,0,0,"aac","aac","N","yes",1
"355",355,355,355,355,355,355,1,0,0,1,0,0,0,1,0,0,"caa","caa","Q","yes",1
"356",356,356,356,356,356,356,1,2.11,0,0.01,0,0.99,0,0.67,0,0.21,"cag","cag","Q","yes",1
"357",357,357,357,357,357,357,1,4.34,0,0.14,0,0.86,0,0.67,0,0.44,"aag","aag","K","yes",0
"358",358,358,358,358,358,358,1,0,0,1,0,0,0,1,0,0,"tgt","tgt","C","yes",1
"359",359,359,359,359,359,359,1,0,0,1,0,0,0,1,0,0,"ata","ata","I","no",0
"360",360,360,360,360,360,360,1,0,0,1,0,0,0,1,0,0,"ctc","ctc","L","no",0
"361",361,361,361,361,361,361,1,0,0,1,0,0,0,1,0,0,"ggg","ggg","G","no",0
"362",362,362,362,362,362,362,1,0,0,1,0,0,0,1,0,0,"gat","gat","D","yes",1
"363",363,363,363,363,363,363,1,0,0,1,0,0,0,1,0,0,"gta","gta","V","no",0
"364",364,364,364,364,364,364,1,0,0,1,0,0,0,1,0,0,"tca","tca","S","no",1
"365",365,365,365,365,365,365,1,0,0,1,0,0,0,1,0,0,"aag","aag","K","yes",0
"366",366,366,366,366,366,366,1,0,0,1,0,0,0,1,0,0,"tgc","tgc","C","yes",1
"367",367,367,367,367,367,367,1,0,0,1,0,0,0,1,0,0,"cct","cct","P","no",1
"368",368,368,368,368,368,368,1,0,0,1,0,0,0,1,0,0,"gtg","gtg","V","no",1
"369",369,369,369,369,369,369,1,0,0,1,0,0,0,1,0,0,"acc","acc","T","no",0
"370",370,370,370,370,370,370,1,0,0,1,0,0,0,1,0,0,"aaa","aaa","K","yes",1
"371",371,371,371,371,371,371,1,0,0,1,0,0,0,1,0,0,"gta","gta","V","no",0
"372",372,372,372,372,372,372,1,0,0,1,0,0,0,1,0,0,"ata","ata","I","no",0
"373",373,373,373,373,373,373,1,0,0,1,0,0,0,1,0,0,"aac","aac","N","yes",0
"374",374,374,374,374,374,374,1,4.18,0,0.01,0,0.99,0,0.67,0,0.43,"aat","aat","N","yes",1
"375",375,375,375,375,375,375,1,1.39,0,0.02,0,0.98,0,0.67,0,0.14,"cta","cta","L","no",0
"376",376,376,376,376,376,376,1,0,0,1,0,0,0,1,0,0,"gta","gta","V","no",0
"377",377,377,377,377,377,377,1,0,0,1,0,0,0,1,0,0,"cca","cca","P","no",1
"378",378,378,378,378,378,378,1,0,0,1,0,0,0,1,0,0,"aag","aag","K","yes",0
"379",379,379,379,379,379,379,1,0,0,1,0,0,0,1,0,0,"ttc","ttc","F","yes",0
"380",380,380,380,380,380,380,1,0,0,1,0,0,0,1,0,0,"gca","gca","A","no",1
"381",381,381,381,381,381,381,1,2.57,0,0.01,0,0.99,0,0.67,0,0.26,"ttc","ttc","F","yes",0
"382",382,382,382,382,382,382,1,12.62,0,0.01,0,0.99,0,0.67,0,1.28,"ata","ata","I","no",1
"383",383,383,383,383,383,383,1,0,0,1,0,0,0,1,0,0,"aat","aat","N","yes",1
"384",384,384,384,384,384,384,1,0,0,1,0,0,0,1,0,0,"ggt","ggt","G","no",1
"385",385,385,385,385,385,385,1,0,0,1,0,0,0,1,0,0,"ggt","ggt","G","no",1
"386",386,386,386,386,386,386,1,6.46,0,0.11,0,0.89,0,0.67,0,0.66,"gta","gta","V","no",0
"387",387,387,387,387,387,387,1,4.82,0,0.04,0,0.96,0,0.67,0,0.49,"gta","gta","V","no",0
"388",388,388,388,388,388,388,1,3.05,0,0.01,0,0.99,0,0.67,0,0.31,"gct","gct","A","no",0
"389",389,389,389,389,389,389,1,9.22,0,0.05,0,0.95,0,0.67,0,0.94,"aat","aat","N","yes",0
"390",390,390,390,390,390,390,1,2.55,0,0.01,0,0.99,0,0.67,0,0.26,"tgc","tgc","C","yes",1
"391",391,391,391,391,391,391,1,0,0,1,0,0,0,1,0,0,"att","att","I","no",1
"392",392,392,392,392,392,392,1,0,0,1,0,0,0,1,0,0,"gca","gca","A","no",1
"393",393,393,393,393,393,393,1,2.01,0,0.01,0,0.99,0,0.67,0,0.2,"tcc","tcc","S","no",0
"394",394,394,394,394,394,394,1,0,0,1,0,0,0,1,0,0,"aca","aca","T","no",1
"395",395,395,395,395,395,395,1,0,0,1,0,0,0,1,0,0,"tgt","tgt","C","yes",1
"396",396,396,396,396,396,396,1,0,0,1,0,0,0,1,0,0,"aca","aca","T","no",1
"397",397,397,397,397,397,397,1,0,0,1,0,0,0,1,0,0,"tgc","tgc","C","yes",1
"398",398,398,398,398,398,398,1,2.8,0,0.01,0,0.99,0,0.67,0,0.28,"ggg","ggg","G","no",0
"399",399,399,399,399,399,399,1,0,0,1,0,0,0,1,0,0,"aca","aca","T","no",1
"400",400,400,400,400,400,400,1,2.59,0,0.02,0,0.98,0,0.67,0,0.26,"aac","aac","N","yes",0
"401",401,401,401,401,401,401,1,5.85,0,0.02,0,0.98,0,0.67,0,0.6,"aga","aga","R","no",1
"402",402,402,402,402,402,402,1,0,0,1,0,0,0,1,0,0,"ata","ata","I","no",0
"403",403,403,403,403,403,403,1,0,0,1,0,0,0,1,0,0,"cca","cca","P","no",1
"404",404,404,404,404,404,404,1,0,0,1,0,0,0,1,0,0,"gtg","gtg","V","no",1
"405",405,405,405,405,405,405,1,0,0,1,0,0,0,1,0,0,"aat","aat","N","yes",0
"406",406,406,406,406,406,406,1,0,0,1,0,0,0,1,0,0,"caa","caa","Q","yes",1
"407",407,407,407,407,407,407,1,0,0,1,0,0,0,1,0,0,"gat","gat","D","yes",0
"408",408,408,408,408,408,408,1,0,0,1,0,0,0,1,0,0,"cgc","cgc","R","no",0
"409",409,409,409,409,409,409,1,0,0,1,0,0,0,1,0,0,"tca","tca","S","no",1
"410",410,410,410,410,410,410,1,0,0,1,0,0,0,1,0,0,"aaa","aaa","K","yes",0
"411",411,411,411,411,411,411,1,0,0,1,0,0,0,1,0,0,"gga","gga","G","no",0
"412",412,412,412,412,412,412,1,2.02,0,0.11,0,0.89,0,0.67,0,0.21,"gtc","gtc","V","no",0
"413",413,413,413,413,413,413,1,0,0,1,0,0,0,1,0,0,"aca","aca","T","no",1
"414",414,414,414,414,414,414,1,0,0,1,0,0,0,1,0,0,"ttt","ttt","F","yes",0
"415",415,415,415,415,415,415,1,0,0,1,0,0,0,1,0,0,"ttg","ttg","L","no",1
"416",416,416,416,416,416,416,1,0,0,1,0,0,0,1,0,0,"acc","acc","T","no",0
"417",417,417,417,417,417,417,1,0,0,1,0,0,0,1,0,0,"tat","tat","Y","yes",0
"418",418,418,418,418,418,418,1,0,0,0.55,2.5,0.45,0.64,0.39,1,0.29,"act","act","T","no",0
"419",419,419,419,419,419,419,1,4.18,0,0.04,0,0.96,0,0.67,0,0.43,"aat","aat","N","yes",0
"420",420,420,420,420,420,420,1,0,0,1,0,0,0,1,0,0,"tgt","tgt","C","yes",1
"421",421,421,421,421,421,421,1,0,0,1,0,0,0,1,0,0,"ggt","ggt","G","no",0
"422",422,422,422,422,422,422,1,0,0,1,0,0,0,1,0,0,"tta","tta","L","no",0
"423",423,423,423,423,423,423,1,0,0,1,0,0,0,1,0,0,"att","att","I","no",1
"424",424,424,424,424,424,424,1,0,0,1,0,0,0,1,0,0,"ggt","ggt","G","no",0
"425",425,425,425,425,425,425,1,0,0,1,0,0,0,1,0,0,"ata","ata","I","no",0
"426",426,426,426,426,426,426,1,0,0,1,0,0,0,1,0,0,"aat","aat","N","yes",1
"427",427,427,427,427,427,427,1,0,0,1,0,0,0,1,0,0,"gga","gga","G","no",0
"428",428,428,428,428,428,428,1,0,0,1,0,0,0,1,0,0,"ata","ata","I","no",0
"429",429,429,429,429,429,429,1,0,0,1,0,0,0,1,0,0,"gaa","gaa","E","yes",0
"430",430,430,430,430,430,430,1,1.7,0,0.01,0,0.99,0,0.67,0,0.17,"cta","cta","L","no",0
"431",431,431,431,431,431,431,1,4.19,0,0.04,0,0.96,0,0.67,0,0.43,"tat","tat","Y","yes",1
"432",432,432,432,432,432,432,1,0,0,0.21,1.35,0.79,0.85,0.35,1,0.28,"gcc","gcc","A","no",0
"433",433,433,433,433,433,433,1,3.86,0,0.11,0,0.89,0,0.67,0,0.39,"aat","aat","N","yes",1
"434",434,434,434,434,434,434,1,0,0,1,0,0,0,1,0,0,"aaa","aaa","K","yes",0
"435",435,435,435,435,435,435,1,4.09,0,0.02,0,0.98,0,0.67,0,0.42,"agg","agg","R","no",0
"436",436,436,436,436,436,436,1,0,0,1,0,0,0,1,0,0,"gga","gga","G","no",0
"437",437,437,437,437,437,437,1,4.87,0,0.04,0,0.96,0,0.67,0,0.5,"cga","cga","R","no",0
"438",438,438,438,438,438,438,1,8.49,0,0.02,0,0.98,0,0.67,0,0.86,"gat","gat","D","yes",0
"439",439,439,439,439,439,439,1,2.85,0,0.01,0,0.99,0,0.67,0,0.29,"act","act","T","no",0
"440",440,440,440,440,440,440,1,0,0,0.75,0,0.25,0,0.67,0,0,"act","act","T","no",0
"441",441,441,441,441,441,441,1,0,0,0.58,0,0.42,0,0.67,0,0,"tgg","tgg","W","no",1
"442",442,442,442,442,442,442,1,0,0,0.75,0,0.25,0,0.67,0,0,"ggg","ggg","G","no",0
"443",443,443,443,443,443,443,1,0,0,0.75,0,0.25,0,0.67,0,0,"aat","aat","N","yes",0
"444",444,444,444,444,444,444,1,8.16,0,0.14,0,0.86,0,0.67,0,0.83,"caa","caa","Q","yes",1
"445",445,445,445,445,445,445,1,0,0,0.75,0,0.25,0,0.67,0,0,"atc","atc","I","no",0
"446",446,446,446,446,446,446,1,2.1,0,0.05,0,0.95,0,0.67,0,0.21,"atc","atc","I","no",1
"447",447,447,447,447,447,447,1,0,0,0.75,0,0.25,0,0.67,0,0,"aaa","aaa","K","yes",1
"448",448,448,448,448,448,448,1,4,1.34,0.84,0.93,0.16,0,0.67,0,0.74,"gtg","gtg","V","no",1
"449",449,449,449,449,449,449,1,3.03,0,0.11,0,0.89,0,0.67,0,0.31,"ggt","ggt","G","no",0
"450",450,450,450,450,450,450,1,0,0,0.75,0,0.25,0,0.67,0,0,"cca","cca","P","no",1
"451",451,451,451,451,451,451,1,0,0,0.75,0,0.25,0,0.67,0,0,"gca","gca","A","no",1
"452",452,452,452,452,452,452,1,4.13,0,0.11,0,0.89,0,0.67,0,0.42,"gtc","gtc","V","no",0
"453",453,453,453,453,453,453,1,2.03,0,0.01,0,0.99,0,0.67,0,0.21,"tcc","tcc","S","no",0
"454",454,454,454,454,454,454,1,0,0,0.75,0,0.25,0,0.67,0,0,"att","att","I","no",1
"455",455,455,455,455,455,455,1,6.88,6.88,0.21,0,0.79,0,0.67,0,1.07,"aga","aga","R","no",0
"456",456,456,456,456,456,456,1,0,0,0.75,0,0.25,0,0.67,0,0,"cct","cct","P","no",1
"457",457,457,457,457,457,457,1,0,0,0.75,0,0.25,0,0.67,0,0,"gta","gta","V","no",0
"458",458,458,458,458,458,458,1,2.57,0,0.05,0,0.95,0,0.67,0,0.26,"gac","gac","D","yes",0
"459",459,459,459,459,459,459,1,0,0,0.75,0,0.25,0,0.67,0,0,"att","att","I","no",1
"460",460,460,460,460,460,460,1,7.72,0,0.04,0,0.96,0,0.67,0,0.79,"tcc","tcc","S","no",0
"461",461,461,461,461,461,461,1,6.14,0,0.11,0,0.89,0,0.67,0,0.62,"tta","tta","L","no",0
"462",462,462,462,462,462,462,1,0,0,0.75,0,0.25,0,0.67,0,0,"aat","aat","N","yes",0
"463",463,463,463,463,463,463,1,0,0,0.75,0,0.25,0,0.67,0,0,"ctt","ctt","L","no",1
"464",464,464,464,464,464,464,1,0,0,0.75,0,0.25,0,0.67,0,0,"gca","gca","A","no",1
"465",465,465,465,465,465,465,1,0,0,0.75,0,0.25,0,0.67,0,0,"tct","tct","S","no",1
"466",466,466,466,466,466,466,1,0,0,0.75,0,0.25,0,0.67,0,0,"gcc","gcc","A","no",0
"467",467,467,467,467,467,467,1,0,0,0.75,0,0.25,0,0.67,0,0,"aca","aca","T","no",1
"468",468,468,468,468,468,468,1,0,0,0.75,0,0.25,0,0.67,0,0,"aat","aat","N","yes",0
"469",469,469,469,469,469,469,1,0,0,0.75,0,0.25,0,0.67,0,0,"ttc","ttc","F","yes",0
"470",470,470,470,470,470,470,1,0,0,0.75,0,0.25,0,0.67,0,0,"cta","cta","L","no",0
"471",471,471,471,471,471,471,1,0,0,0.75,0,0.25,0,0.67,0,0,"gaa","gaa","E","yes",0
"472",472,472,472,472,472,472,1,0,0,0.75,0,0.25,0,0.67,0,0,"gaa","gaa","E","yes",0
"473",473,473,473,473,473,473,1,4.63,0,0.04,0,0.96,0,0.67,0,0.47,"tcc","tcc","S","no",0
"474",474,474,474,474,474,474,1,0,0,0.75,0,0.25,0,0.67,0,0,"aag","aag","K","yes",1
"475",475,475,475,475,475,475,1,4.97,0,0.47,2.18,0.53,0,0.67,0,0.81,"aca","aca","T","no",1
"476",476,476,476,476,476,476,1,2.13,0,0.04,0,0.96,0,0.67,0,0.22,"gag","gag","E","yes",0
"477",477,477,477,477,477,477,1,0,0,0.75,0,0.25,0,0.67,0,0,"ctt","ctt","L","no",0
"478",478,478,478,478,478,478,1,0,0,0.58,0,0.42,0,0.67,0,0,"atg","atg","M","no",1
"479",479,479,479,479,479,479,1,0,0,0.75,0,0.25,0,0.67,0,0,"aaa","aaa","K","yes",0
"480",480,480,480,480,480,480,1,0,0,0.75,0,0.25,0,0.67,0,0,"gca","gca","A","no",1
"481",481,481,481,481,481,481,1,4.1,0,0.03,0,0.97,0,0.67,0,0.42,"agg","agg","R","no",0
"482",482,482,482,482,482,482,1,4.8,0.04,0.43,1.82,0.57,0,0.67,0,0.76,"gca","gca","A","no",1
"483",483,483,483,483,483,483,1,0,0,0.75,0,0.25,0,0.67,0,0,"atc","atc","I","no",0
"484",484,484,484,484,484,484,1,0,0,0.75,0,0.25,0,0.67,0,0,"ata","ata","I","no",1
"485",485,485,485,485,485,485,1,3.26,0,0.05,0,0.95,0,0.67,0,0.33,"tca","tca","S","no",1
"486",486,486,486,486,486,486,1,0,0,0.75,0,0.25,0,0.67,0,0,"gca","gca","A","no",1
"487",487,487,487,487,487,487,1,3.03,0,0.01,0,0.99,0,0.67,0,0.31,"gtt","gtt","V","no",1
"488",488,488,488,488,488,488,1,0,0,0.75,0,0.25,0,0.67,0,0,"gga","gga","G","no",0
"489",489,489,489,489,489,489,1,0,0,0.75,0,0.25,0,0.67,0,0,"gga","gga","G","no",0
"490",490,490,490,490,490,490,1,0,0,0.58,0,0.42,0,0.67,0,0,"tgg","tgg","W","no",1
"491",491,491,491,491,491,491,1,2.6,0,0.05,0,0.95,0,0.67,0,0.26,"cac","cac","H","yes",1
"492",492,492,492,492,492,492,1,0,0,0.75,0,0.25,0,0.67,0,0,"aac","aac","N","yes",1
"493",493,493,493,493,493,493,1,0,0,0.08,1.44,0.92,0.42,0.45,1,0.34,"aca","aca","T","no",1
"494",494,494,494,494,494,494,1,0,0,0.75,0,0.25,0,0.67,0,0,"gag","gag","E","yes",0
"495",495,495,495,495,495,495,1,0,0,0.6,3.14,0.4,0.53,0.42,1,0.33,"agt","agt","S","no",0
"496",496,496,496,496,496,496,1,0,0,0.75,0,0.25,0,0.67,0,0,"act","act","T","no",0
"497",497,497,497,497,497,497,1,0,0,0.75,0,0.25,0,0.67,0,0,"cag","cag","Q","yes",1
"498",498,498,498,498,498,498,1,0,0,0.75,0,0.25,0,0.67,0,0,"ata","ata","I","no",0
"499",499,499,499,499,499,499,1,2.1,0,0.04,0,0.96,0,0.67,0,0.21,"atc","atc","I","no",0
"500",500,500,500,500,500,500,1,0,0,0.75,0,0.25,0,0.67,0,0,"att","att","I","no",1
"501",501,501,501,501,501,501,1,0,0,0.75,0,0.25,0,0.67,0,0,"ata","ata","I","no",0
"502",502,502,502,502,502,502,1,0,0,0.75,0,0.25,0,0.67,0,0,"ata","ata","I","no",0
"503",503,503,503,503,503,503,1,0,0,0.75,0,0.25,0,0.67,0,0,"att","att","I","no",1
"504",504,504,504,504,504,504,1,0,0,0.75,0,0.25,0,0.67,0,0,"gtg","gtg","V","no",1
"505",505,505,505,505,505,505,1,0,0,0.75,0,0.25,0,0.67,0,0,"tgt","tgt","C","yes",1
"506",506,506,506,506,506,506,1,0,0,0,1.14,1,0.18,0.54,1,0.3,"ata","ata","I","no",0
"507",507,507,507,507,507,507,1,0,0,0.75,0,0.25,0,0.67,0,0,"ctt","ctt","L","no",0
"508",508,508,508,508,508,508,1,0,0,0.75,0,0.25,0,0.67,0,0,"ata","ata","I","no",0
"509",509,509,509,509,509,509,1,0,0,0,1.13,1,0.17,0.54,1,0.29,"ata","ata","I","no",0
"510",510,510,510,510,510,510,1,0,0,0.75,0,0.25,0,0.67,0,0,"atc","atc","I","no",0
"511",511,511,511,511,511,511,1,0,0,0.75,0,0.25,0,0.67,0,0,"ata","ata","I","no",1
"512",512,512,512,512,512,512,1,0,0,0.75,0,0.25,0,0.67,0,0,"tgt","tgt","C","yes",1
"513",513,513,513,513,513,513,1,0,0,0.75,0,0.25,0,0.67,0,0,"ggt","ggt","G","no",0
"514",514,514,514,514,514,514,1,0,0,0.75,0,0.25,0,0.67,0,0,"ata","ata","I","no",0
"515",515,515,515,515,515,515,1,0,0,0.75,0,0.25,0,0.67,0,0,"tta","tta","L","no",0
"516",516,516,516,516,516,516,1,3.32,0,0.04,0,0.96,0,0.67,0,0.34,"tac","tac","Y","yes",0
"517",517,517,517,517,517,517,1,0,0,0.75,0,0.25,0,0.67,0,0,"tat","tat","Y","yes",0
"518",518,518,518,518,518,518,1,1.74,0,0.11,0,0.89,0,0.67,0,0.18,"cta","cta","L","no",0
"519",519,519,519,519,519,519,1,0,0,0.75,0,0.25,0,0.67,0,0,"tac","tac","Y","yes",0
"520",520,520,520,520,520,520,1,0,0,0.75,0,0.25,0,0.67,0,0,"agg","agg","R","no",1
"521",521,521,521,521,521,521,1,2.52,2.51,0.41,2.49,0.59,0,0.67,0,0.9,"gtt","gtt","V","no",0
"522",522,522,522,522,522,522,1,0,0,0.75,0,0.25,0,0.67,0,0,"aga","aga","R","no",0
"523",523,523,523,523,523,523,1,0,0,0.75,0,0.25,0,0.67,0,0,"aga","aga","R","no",0
"524",524,524,524,524,524,524,1,0,0,0.81,11.99,0.19,1.57,0.23,1,0.58,"cta","cta","L","no",0
"525",525,525,525,525,525,525,1,0,0,0.75,0,0.25,0,0.67,0,0,"tta","tta","L","no",0
"526",526,526,526,526,526,526,1,0,0,0,1.21,1,0.33,0.48,0,0.31,"gta","gta","V","no",0
"527",527,527,527,527,527,527,1,0,0,0.58,0,0.42,0,0.67,0,0,"atg","atg","M","no",1
"528",528,528,528,528,528,528,1,0,0,0.75,0,0.25,0,0.67,0,0,"att","att","I","no",0
"529",529,529,529,529,529,529,1,0,0,0.75,0,0.25,0,0.67,0,0,"aac","aac","N","yes",0
"530",530,530,530,530,530,530,1,0,0,0.75,0,0.25,0,0.67,0,0,"tca","tca","S","no",1
"531",531,531,531,531,531,531,1,0,0,0.75,0,0.25,0,0.67,0,0,"act","act","T","no",0
"532",532,532,532,532,532,532,1,0,0,0.98,249.47,0.02,1.65,0.22,1,1.32,"aat","aat","N","yes",0
"533",533,533,533,533,533,533,1,2.59,0,0.04,0,0.96,0,0.67,0,0.26,"aac","aac","N","yes",0
"534",534,534,534,534,534,534,1,0,0,0.75,0,0.25,0,0.67,0,0,"tca","tca","S","no",1
"535",535,535,535,535,535,535,1,0,0,0,1,1,0.58,0.41,1,0.26,"cct","cct","P","no",0
"536",536,536,536,536,536,536,1,0,0,0.75,0,0.25,0,0.67,0,0,"att","att","I","no",0
"537",537,537,537,537,537,537,1,0,0,0.75,0,0.25,0,0.67,0,0,"aat","aat","N","yes",1
"538",538,538,538,538,538,538,1,0,0,0.75,0,0.25,0,0.67,0,0,"gct","gct","A","no",0
"539",539,539,539,539,539,539,1,0,0,0.75,0,0.25,0,0.67,0,0,"tat","tat","Y","yes",0
"540",540,540,540,540,540,540,1,0,0,0.75,0,0.25,0,0.67,0,0,"act","act","T","no",0
"541",541,541,541,541,541,541,1,1.14,0,0.05,0,0.95,0,0.67,0,0.12,"ctg","ctg","L","no",1
"542",542,542,542,542,542,542,1,0,0,0.75,0,0.25,0,0.67,0,0,"gag","gag","E","yes",0
"543",543,543,543,543,543,543,1,0,0,0.75,0,0.25,0,0.67,0,0,"tca","tca","S","no",1
"544",544,544,544,544,544,544,1,0,0,0.75,0,0.25,0,0.67,0,0,"aga","aga","R","no",0
"545",545,545,545,545,545,545,1,0,0,0.99,10000,0.01,3.16,0.1,1,37.14,"atg","atg","M","no",1
"546",546,546,546,546,546,546,1,0,0,0,1.5,1,1.1,0.3,0,0.39,"agg","agg","R","no",0
"547",547,547,547,547,547,547,1,0,0,0.75,0,0.25,0,0.67,0,0,"aac","aac","N","yes",0
"548",548,548,548,548,548,548,1,2.03,0,0.05,0,0.95,0,0.67,0,0.21,"ccc","ccc","P","no",0
"549",549,549,549,549,549,549,1,2.58,0,0.04,0,0.96,0,0.67,0,0.26,"tac","tac","Y","yes",0
"550",550,550,550,550,550,550,1,0,0,0.58,0,0.42,0,0.67,0,0,"atg","atg","M","no",1
"551",551,551,551,551,551,551,1,7.36,0,0.05,0,0.95,0,0.67,0,0.75,"ggc","ggc","G","no",0
"552",552,552,552,552,552,552,1,0,0,0.75,0,0.25,0,0.67,0,0,"aac","aac","N","yes",1
"553",553,553,553,553,553,553,1,2.49,0,0.83,63.28,0.17,1.85,0.2,5,2.97,"cac","cac","H","yes",1
"554",554,554,554,554,554,554,1,13.33,13.33,0.21,0,0.79,0,0.67,0,2.08,"tcc","tcc","S","no",0
"555",555,555,555,555,555,555,1,0,0,0.92,130.64,0.08,3.05,0.1,3,2.65,"aat","aat","N","yes",1
