"","num","MeanFreq","wtnt","Virus","WTAA","MUTAA","bigAAchange","TypeOfSite","makesCpG"
"1",1,0.0149253731343284,"a","EnterovirusB_VP2","M","V","0","nonsyn",0
"2",2,0.00298507462686567,"t","EnterovirusB_VP2","M","T","1","nonsyn",1
"3",3,0,"g","EnterovirusB_VP2","M","I","0","nonsyn",0
"4",4,0.00298507462686567,"g","EnterovirusB_VP2","E","K","1","nonsyn",0
"5",5,0.22089552238806,"a","EnterovirusB_VP2","E","G","1","nonsyn",0
"6",6,0.208955223880597,"a","EnterovirusB_VP2","E","E","0","syn",0
"7",7,0.00597014925373134,"g","EnterovirusB_VP2","V","I","0","nonsyn",0
"8",8,0.00597014925373134,"t","EnterovirusB_VP2","V","A","0","nonsyn",0
"9",9,0.376119402985075,"a","EnterovirusB_VP2","V","V","0","syn",0
"10",10,0.017910447761194,"t","EnterovirusB_VP2","S","P","1","nonsyn",0
"11",11,0.226865671641791,"c","EnterovirusB_VP2","S","L","1","nonsyn",0
"12",12,0.140298507462687,"a","EnterovirusB_VP2","S","S","0","syn",1
"13",13,0.22089552238806,"a","EnterovirusB_VP2","T","A","1","nonsyn",0
"14",14,0.00298507462686567,"c","EnterovirusB_VP2","T","I","1","nonsyn",0
"15",15,0.122388059701493,"a","EnterovirusB_VP2","T","T","0","syn",1
"16",16,0,"c","EnterovirusB_VP2","Q","*","1","nonsense",0
"17",17,0.00597014925373134,"a","EnterovirusB_VP2","Q","R","1","nonsyn",1
"18",18,0.229850746268657,"a","EnterovirusB_VP2","Q","Q","0","syn",0
"19",19,0.00597014925373134,"a","EnterovirusB_VP2","K","E","1","nonsyn",0
"20",20,0.0149253731343284,"a","EnterovirusB_VP2","K","R","0","nonsyn",0
"21",21,0.349253731343284,"a","EnterovirusB_VP2","K","K","0","syn",0
"22",22,0.0208955223880597,"a","EnterovirusB_VP2","T","A","1","nonsyn",0
"23",23,0.223880597014925,"c","EnterovirusB_VP2","T","I","1","nonsyn",0
"24",24,0.140298507462687,"t","EnterovirusB_VP2","T","T","0","syn",1
"25",25,0.0328358208955224,"g","EnterovirusB_VP2","G","R","1","nonsyn",0
"26",26,0.0328358208955224,"g","EnterovirusB_VP2","G","E","1","nonsyn",0
"27",27,0.229850746268657,"g","EnterovirusB_VP2","G","G","0","syn",0
"28",28,0.226865671641791,"g","EnterovirusB_VP2","A","T","1","nonsyn",0
"29",29,0.214925373134328,"c","EnterovirusB_VP2","A","V","0","nonsyn",0
"30",30,0.241791044776119,"c","EnterovirusB_VP2","A","A","0","syn",0
"31",31,0.00298507462686567,"a","EnterovirusB_VP2","T","A","1","nonsyn",1
"32",32,0.474626865671642,"c","EnterovirusB_VP2","T","I","1","nonsyn",0
"33",33,0.158208955223881,"t","EnterovirusB_VP2","T","T","0","syn",1
"34",34,0.226865671641791,"g","EnterovirusB_VP2","A","T","1","nonsyn",0
"35",35,0.0656716417910448,"c","EnterovirusB_VP2","A","V","0","nonsyn",0
"36",36,0.325373134328358,"c","EnterovirusB_VP2","A","A","0","syn",0
"37",37,0.0328358208955224,"a","EnterovirusB_VP2","S","G","1","nonsyn",1
"38",38,0.0865671641791045,"g","EnterovirusB_VP2","S","N","0","nonsyn",0
"39",39,0.161194029850746,"t","EnterovirusB_VP2","S","S","0","syn",1
"40",40,0.026865671641791,"g","EnterovirusB_VP2","G","R","1","nonsyn",0
"41",41,0.0626865671641791,"g","EnterovirusB_VP2","G","E","1","nonsyn",0
"42",42,0.185074626865672,"a","EnterovirusB_VP2","G","G","0","syn",0
"43",43,0.253731343283582,"a","EnterovirusB_VP2","N","D","1","nonsyn",0
"44",44,0.346268656716418,"a","EnterovirusB_VP2","N","S","0","nonsyn",0
"45",45,0.343283582089552,"c","EnterovirusB_VP2","N","N","0","syn",0
"46",46,0.2,"t","EnterovirusB_VP2","S","P","1","nonsyn",0
"47",47,0.2,"c","EnterovirusB_VP2","S","F","1","nonsyn",0
"48",48,0.188059701492537,"c","EnterovirusB_VP2","S","S","0","syn",0
"49",49,0.28955223880597,"a","EnterovirusB_VP2","N","D","1","nonsyn",1
"50",50,0,"a","EnterovirusB_VP2","N","S","0","nonsyn",0
"51",51,0.0328358208955224,"t","EnterovirusB_VP2","N","N","0","syn",0
"52",52,0.0298507462686567,"a","EnterovirusB_VP2","T","A","1","nonsyn",0
"53",53,0.0298507462686567,"c","EnterovirusB_VP2","T","I","1","nonsyn",0
"54",54,0.017910447761194,"a","EnterovirusB_VP2","T","T","0","syn",1
"55",55,0.262686567164179,"c","EnterovirusB_VP2","L","L","0","syn",0
"56",56,0.205970149253731,"t","EnterovirusB_VP2","L","P","1","nonsyn",0
"57",57,0.00298507462686567,"a","EnterovirusB_VP2","L","L","0","syn",0
"58",58,0.352238805970149,"c","EnterovirusB_VP2","H","Y","1","nonsyn",0
"59",59,0.00298507462686567,"a","EnterovirusB_VP2","H","R","0","nonsyn",1
"60",60,0.00298507462686567,"c","EnterovirusB_VP2","H","H","0","syn",0
"61",61,0.0656716417910448,"a","EnterovirusB_VP2","K","E","1","nonsyn",1
"62",62,0.00895522388059702,"a","EnterovirusB_VP2","K","R","0","nonsyn",0
"63",63,0.217910447761194,"a","EnterovirusB_VP2","K","K","0","syn",0
"64",64,0.397014925373134,"t","EnterovirusB_VP2","Y","H","1","nonsyn",0
"65",65,0.017910447761194,"a","EnterovirusB_VP2","Y","C","1","nonsyn",0
"66",66,0.202985074626866,"t","EnterovirusB_VP2","Y","Y","0","syn",0
"67",67,0.026865671641791,"a","EnterovirusB_VP2","R","G","1","nonsyn",0
"68",68,0.426865671641791,"g","EnterovirusB_VP2","R","K","0","nonsyn",0
"69",69,0.0119402985074627,"g","EnterovirusB_VP2","R","R","0","syn",0
"70",70,0.22089552238806,"a","EnterovirusB_VP2","M","V","0","nonsyn",0
"71",71,0.325373134328358,"t","EnterovirusB_VP2","M","T","1","nonsyn",1
"72",72,0.2,"g","EnterovirusB_VP2","M","I","0","nonsyn",0
"73",73,0.00597014925373134,"c","EnterovirusB_VP2","L","L","0","syn",0
"74",74,0.176119402985075,"t","EnterovirusB_VP2","L","P","1","nonsyn",1
"75",75,0.017910447761194,"g","EnterovirusB_VP2","L","L","0","syn",0
"76",76,0.0149253731343284,"c","EnterovirusB_VP2","P","S","1","nonsyn",0
"77",77,0.349253731343284,"c","EnterovirusB_VP2","P","L","1","nonsyn",0
"78",78,0.0119402985074627,"t","EnterovirusB_VP2","P","P","0","syn",0
"79",79,0.00298507462686567,"c","EnterovirusB_VP2","P","S","1","nonsyn",0
"80",80,0.17910447761194,"c","EnterovirusB_VP2","P","L","1","nonsyn",0
"81",81,0.277611940298507,"a","EnterovirusB_VP2","P","P","0","syn",1
"82",82,0.244776119402985,"g","EnterovirusB_VP2","D","N","1","nonsyn",0
"83",83,0.0537313432835821,"a","EnterovirusB_VP2","D","G","1","nonsyn",0
"84",84,0.316417910447761,"t","EnterovirusB_VP2","D","D","0","syn",0
"85",85,0.017910447761194,"t","EnterovirusB_VP2","F","L","0","nonsyn",0
"86",86,0.197014925373134,"t","EnterovirusB_VP2","F","S","1","nonsyn",0
"87",87,0.313432835820896,"c","EnterovirusB_VP2","F","F","0","syn",0
"88",88,0.0567164179104478,"a","EnterovirusB_VP2","T","A","1","nonsyn",1
"89",89,0.0417910447761194,"c","EnterovirusB_VP2","T","I","1","nonsyn",0
"90",90,0.143283582089552,"c","EnterovirusB_VP2","T","T","0","syn",0
"91",91,0,"c","EnterovirusB_VP2","Q","*","1","nonsense",0
"92",92,0.205970149253731,"a","EnterovirusB_VP2","Q","R","1","nonsyn",1
"93",93,0.480597014925373,"g","EnterovirusB_VP2","Q","Q","0","syn",0
"94",94,0.00895522388059702,"g","EnterovirusB_VP2","D","N","1","nonsyn",0
"95",95,0.0686567164179104,"a","EnterovirusB_VP2","D","G","1","nonsyn",0
"96",96,0.33134328358209,"t","EnterovirusB_VP2","D","D","0","syn",0
"97",97,0.170149253731343,"c","EnterovirusB_VP2","P","S","1","nonsyn",0
"98",98,0.185074626865672,"c","EnterovirusB_VP2","P","L","1","nonsyn",0
"99",99,0.247761194029851,"t","EnterovirusB_VP2","P","P","0","syn",0
"100",100,0.316417910447761,"a","EnterovirusB_VP2","S","G","1","nonsyn",0
"101",101,0.017910447761194,"g","EnterovirusB_VP2","S","N","0","nonsyn",0
"102",102,0.250746268656716,"t","EnterovirusB_VP2","S","S","0","syn",0
"103",103,0.185074626865672,"a","EnterovirusB_VP2","K","E","1","nonsyn",0
"104",104,0.00298507462686567,"a","EnterovirusB_VP2","K","R","0","nonsyn",0
"105",105,0.370149253731343,"a","EnterovirusB_VP2","K","K","0","syn",0
"106",106,0.00298507462686567,"t","EnterovirusB_VP2","F","L","0","nonsyn",0
"107",107,0,"t","EnterovirusB_VP2","F","S","1","nonsyn",0
"108",108,0.328358208955224,"c","EnterovirusB_VP2","F","F","0","syn",0
"109",109,0.0388059701492537,"a","EnterovirusB_VP2","T","A","1","nonsyn",1
"110",110,0.00298507462686567,"c","EnterovirusB_VP2","T","I","1","nonsyn",0
"111",111,0.0716417910447761,"a","EnterovirusB_VP2","T","T","0","syn",1
"112",112,0.00597014925373134,"g","EnterovirusB_VP2","E","K","1","nonsyn",0
"113",113,0,"a","EnterovirusB_VP2","E","G","1","nonsyn",0
"114",114,0.322388059701493,"a","EnterovirusB_VP2","E","E","0","syn",0
"115",115,0.00597014925373134,"c","EnterovirusB_VP2","P","S","1","nonsyn",0
"116",116,0.00597014925373134,"c","EnterovirusB_VP2","P","L","1","nonsyn",0
"117",117,0.274626865671642,"a","EnterovirusB_VP2","P","P","0","syn",1
"118",118,0.0597014925373134,"g","EnterovirusB_VP2","V","M","0","nonsyn",0
"119",119,0,"t","EnterovirusB_VP2","V","A","0","nonsyn",1
"120",120,0.295522388059701,"g","EnterovirusB_VP2","V","V","0","syn",0
"121",121,0.0238805970149254,"a","EnterovirusB_VP2","K","E","1","nonsyn",0
"122",122,0.00298507462686567,"a","EnterovirusB_VP2","K","R","0","nonsyn",0
"123",123,0.191044776119403,"g","EnterovirusB_VP2","K","K","0","syn",0
"124",124,0.0119402985074627,"g","EnterovirusB_VP2","D","N","1","nonsyn",0
"125",125,0.223880597014925,"a","EnterovirusB_VP2","D","G","1","nonsyn",0
"126",126,0.229850746268657,"t","EnterovirusB_VP2","D","D","0","syn",1
"127",127,0.340298507462687,"g","EnterovirusB_VP2","V","I","0","nonsyn",0
"128",128,0.194029850746269,"t","EnterovirusB_VP2","V","A","0","nonsyn",0
"129",129,0.173134328358209,"a","EnterovirusB_VP2","V","V","0","syn",0
"130",130,0.346268656716418,"g","EnterovirusB_VP2","V","I","0","nonsyn",0
"131",131,0.188059701492537,"t","EnterovirusB_VP2","V","A","0","nonsyn",0
"132",132,0.0238805970149254,"c","EnterovirusB_VP2","V","V","0","syn",0
"133",133,0.11044776119403,"a","EnterovirusB_VP2","N","D","1","nonsyn",1
"134",134,0.0238805970149254,"a","EnterovirusB_VP2","N","S","0","nonsyn",0
"135",135,0.0328358208955224,"t","EnterovirusB_VP2","N","N","0","syn",1
"136",136,0.322388059701493,"g","EnterovirusB_VP2","A","T","1","nonsyn",0
"137",137,0.170149253731343,"c","EnterovirusB_VP2","A","V","0","nonsyn",0
"138",138,0.0119402985074627,"c","EnterovirusB_VP2","A","A","0","syn",0
"139",139,0.104477611940299,"a","EnterovirusB_VP2","S","G","1","nonsyn",1
"140",140,0.182089552238806,"g","EnterovirusB_VP2","S","N","0","nonsyn",0
"141",141,0.026865671641791,"c","EnterovirusB_VP2","S","S","0","syn",0
"142",142,0.197014925373134,"t","EnterovirusB_VP2","S","P","1","nonsyn",0
"143",143,0.298507462686567,"c","EnterovirusB_VP2","S","F","1","nonsyn",0
"144",144,0.00597014925373134,"t","EnterovirusB_VP2","S","S","0","syn",0
"145",145,0.202985074626866,"a","EnterovirusB_VP2","K","E","1","nonsyn",0
"146",146,0.0238805970149254,"a","EnterovirusB_VP2","K","R","0","nonsyn",0
"147",147,0.170149253731343,"a","EnterovirusB_VP2","K","K","0","syn",0
"148",148,0.361194029850746,"t","EnterovirusB_VP2","F","L","0","nonsyn",0
"149",149,0.0238805970149254,"t","EnterovirusB_VP2","F","S","1","nonsyn",0
"150",150,0.0238805970149254,"c","EnterovirusB_VP2","F","F","0","syn",0
"151",151,0.0835820895522388,"a","EnterovirusB_VP2","T","A","1","nonsyn",1
"152",152,0.0119402985074627,"c","EnterovirusB_VP2","T","I","1","nonsyn",0
"153",153,0.00298507462686567,"c","EnterovirusB_VP2","T","T","0","syn",0
"154",154,0.205970149253731,"g","EnterovirusB_VP2","E","K","1","nonsyn",0
"155",155,0.182089552238806,"a","EnterovirusB_VP2","E","G","1","nonsyn",0
"156",156,0.471641791044776,"a","EnterovirusB_VP2","E","E","0","syn",0
"157",157,0.0208955223880597,"g","EnterovirusB_VP2","E","K","1","nonsyn",0
"158",158,0.026865671641791,"a","EnterovirusB_VP2","E","G","1","nonsyn",0
"159",159,0.397014925373134,"g","EnterovirusB_VP2","E","E","0","syn",0
"160",160,0.197014925373134,"t","EnterovirusB_VP2","C","R","1","nonsyn",1
"161",161,0.191044776119403,"g","EnterovirusB_VP2","C","Y","1","nonsyn",0
"162",162,0.432835820895522,"c","EnterovirusB_VP2","C","C","0","syn",0
"163",163,0.00597014925373134,"g","EnterovirusB_VP2","G","S","1","nonsyn",0
"164",164,0.00597014925373134,"g","EnterovirusB_VP2","G","D","1","nonsyn",0
"165",165,0.217910447761194,"c","EnterovirusB_VP2","G","G","0","syn",0
"166",166,0.0447761194029851,"t","EnterovirusB_VP2","Y","H","1","nonsyn",0
"167",167,0.191044776119403,"a","EnterovirusB_VP2","Y","C","1","nonsyn",0
"168",168,0.402985074626866,"c","EnterovirusB_VP2","Y","Y","0","syn",0
"169",169,0.0447761194029851,"a","EnterovirusB_VP2","S","G","1","nonsyn",1
"170",170,0.205970149253731,"g","EnterovirusB_VP2","S","N","0","nonsyn",0
"171",171,0.149253731343284,"t","EnterovirusB_VP2","S","S","0","syn",1
"172",172,0.0417910447761194,"g","EnterovirusB_VP2","D","N","1","nonsyn",0
"173",173,0.182089552238806,"a","EnterovirusB_VP2","D","G","1","nonsyn",0
"174",174,0.417910447761194,"t","EnterovirusB_VP2","D","D","0","syn",0
"175",175,0.214925373134328,"a","EnterovirusB_VP2","R","G","1","nonsyn",0
"176",176,0.188059701492537,"g","EnterovirusB_VP2","R","K","0","nonsyn",0
"177",177,0.405970149253731,"g","EnterovirusB_VP2","R","R","0","syn",0
"178",178,0.0119402985074627,"g","EnterovirusB_VP2","V","M","0","nonsyn",0
"179",179,0.0298507462686567,"t","EnterovirusB_VP2","V","A","0","nonsyn",1
"180",180,0.241791044776119,"g","EnterovirusB_VP2","V","V","0","syn",0
"181",181,0.0447761194029851,"c","EnterovirusB_VP2","R","W","1","nonsyn",0
"182",182,0.0328358208955224,"g","EnterovirusB_VP2","R","Q","1","nonsyn",0
"183",183,0.191044776119403,"g","EnterovirusB_VP2","R","R","0","syn",0
"184",184,0.194029850746269,"t","EnterovirusB_VP2","S","P","1","nonsyn",0
"185",185,0.00597014925373134,"c","EnterovirusB_VP2","S","F","1","nonsyn",0
"186",186,0.244776119402985,"t","EnterovirusB_VP2","S","S","0","syn",0
"187",187,0.017910447761194,"a","EnterovirusB_VP2","I","V","0","nonsyn",0
"188",188,0.226865671641791,"t","EnterovirusB_VP2","I","T","1","nonsyn",0
"189",189,0.328358208955224,"c","EnterovirusB_VP2","I","I","0","syn",0
"190",190,0.0208955223880597,"a","EnterovirusB_VP2","T","A","1","nonsyn",1
"191",191,0.0298507462686567,"c","EnterovirusB_VP2","T","I","1","nonsyn",0
"192",192,0.256716417910448,"t","EnterovirusB_VP2","T","T","0","syn",0
"193",193,0.355223880597015,"t","EnterovirusB_VP2","L","L","0","syn",0
"194",194,0.238805970149254,"t","EnterovirusB_VP2","L","S","1","nonsyn",1
"195",195,0.382089552238806,"g","EnterovirusB_VP2","L","L","0","syn",0
"196",196,0.17910447761194,"g","EnterovirusB_VP2","G","R","1","nonsyn",0
"197",197,0.0626865671641791,"g","EnterovirusB_VP2","G","E","1","nonsyn",0
"198",198,0.143283582089552,"g","EnterovirusB_VP2","G","G","0","syn",0
"199",199,0.0417910447761194,"a","EnterovirusB_VP2","N","D","1","nonsyn",0
"200",200,0.0388059701492537,"a","EnterovirusB_VP2","N","S","0","nonsyn",0
"201",201,0.450746268656716,"t","EnterovirusB_VP2","N","N","0","syn",0
"202",202,0.00298507462686567,"t","EnterovirusB_VP2","S","P","1","nonsyn",0
"203",203,0.00597014925373134,"c","EnterovirusB_VP2","S","F","1","nonsyn",0
"204",204,0.0895522388059701,"c","EnterovirusB_VP2","S","S","0","syn",0
"205",205,0.0238805970149254,"a","EnterovirusB_VP2","T","A","1","nonsyn",1
"206",206,0.00298507462686567,"c","EnterovirusB_VP2","T","I","1","nonsyn",0
"207",207,0.149253731343284,"c","EnterovirusB_VP2","T","T","0","syn",0
"208",208,0.194029850746269,"a","EnterovirusB_VP2","I","V","0","nonsyn",1
"209",209,0.00895522388059702,"t","EnterovirusB_VP2","I","T","1","nonsyn",0
"210",210,0.376119402985075,"t","EnterovirusB_VP2","I","I","0","syn",0
"211",211,0.176119402985075,"a","EnterovirusB_VP2","T","A","1","nonsyn",0
"212",212,0.0119402985074627,"c","EnterovirusB_VP2","T","I","1","nonsyn",0
"213",213,0.0835820895522388,"c","EnterovirusB_VP2","T","T","0","syn",0
"214",214,0.205970149253731,"a","EnterovirusB_VP2","T","A","1","nonsyn",1
"215",215,0,"c","EnterovirusB_VP2","T","I","1","nonsyn",0
"216",216,0.262686567164179,"a","EnterovirusB_VP2","T","T","0","syn",1
"217",217,0.0119402985074627,"c","EnterovirusB_VP2","Q","*","1","nonsense",0
"218",218,0.176119402985075,"a","EnterovirusB_VP2","Q","R","1","nonsyn",1
"219",219,0.226865671641791,"g","EnterovirusB_VP2","Q","Q","0","syn",0
"220",220,0.00298507462686567,"t","EnterovirusB_VP2","C","R","1","nonsyn",1
"221",221,0.0149253731343284,"g","EnterovirusB_VP2","C","Y","1","nonsyn",0
"222",222,0.0746268656716418,"t","EnterovirusB_VP2","C","C","0","syn",1
"223",223,0.026865671641791,"g","EnterovirusB_VP2","A","T","1","nonsyn",0
"224",224,0.128358208955224,"c","EnterovirusB_VP2","A","V","0","nonsyn",0
"225",225,0.0238805970149254,"a","EnterovirusB_VP2","A","A","0","syn",1
"226",226,0,"a","EnterovirusB_VP2","N","D","1","nonsyn",0
"227",227,0.232835820895522,"a","EnterovirusB_VP2","N","S","0","nonsyn",0
"228",228,0.441791044776119,"c","EnterovirusB_VP2","N","N","0","syn",0
"229",229,0.244776119402985,"g","EnterovirusB_VP2","V","M","0","nonsyn",0
"230",230,0.0119402985074627,"t","EnterovirusB_VP2","V","A","0","nonsyn",1
"231",231,0.0805970149253731,"g","EnterovirusB_VP2","V","V","0","syn",0
"232",232,0.0119402985074627,"g","EnterovirusB_VP2","V","I","0","nonsyn",0
"233",233,0.0208955223880597,"t","EnterovirusB_VP2","V","A","0","nonsyn",0
"234",234,0.113432835820896,"t","EnterovirusB_VP2","V","V","0","syn",1
"235",235,0.00895522388059702,"g","EnterovirusB_VP2","V","M","0","nonsyn",0
"236",236,0.00597014925373134,"t","EnterovirusB_VP2","V","A","0","nonsyn",1
"237",237,0.205970149253731,"g","EnterovirusB_VP2","V","V","0","syn",0
"238",238,0,"g","EnterovirusB_VP2","G","R","1","nonsyn",0
"239",239,0,"g","EnterovirusB_VP2","G","E","1","nonsyn",0
"240",240,0.385074626865672,"a","EnterovirusB_VP2","G","G","0","syn",0
"241",241,0.017910447761194,"t","EnterovirusB_VP2","Y","H","1","nonsyn",0
"242",242,0.0328358208955224,"a","EnterovirusB_VP2","Y","C","1","nonsyn",0
"243",243,0.316417910447761,"c","EnterovirusB_VP2","Y","Y","0","syn",0
"244",244,0.00298507462686567,"g","EnterovirusB_VP2","G","R","1","nonsyn",0
"245",245,0.0358208955223881,"g","EnterovirusB_VP2","G","E","1","nonsyn",0
"246",246,0.13134328358209,"a","EnterovirusB_VP2","G","G","0","syn",0
"247",247,0.37910447761194,"g","EnterovirusB_VP2","V","M","0","nonsyn",0
"248",248,0.223880597014925,"t","EnterovirusB_VP2","V","A","0","nonsyn",1
"249",249,0.137313432835821,"g","EnterovirusB_VP2","V","V","0","syn",0
"250",250,0.0119402985074627,"t","EnterovirusB_VP2","W","R","1","nonsyn",1
"251",251,0.208955223880597,"g","EnterovirusB_VP2","W","*","1","nonsense",0
"252",252,0.235820895522388,"g","EnterovirusB_VP2","W","*","1","nonsense",0
"253",253,0.0119402985074627,"c","EnterovirusB_VP2","P","S","1","nonsyn",0
"254",254,0.017910447761194,"c","EnterovirusB_VP2","P","L","1","nonsyn",0
"255",255,0.0328358208955224,"a","EnterovirusB_VP2","P","P","0","syn",1
"256",256,0.292537313432836,"a","EnterovirusB_VP2","T","A","1","nonsyn",0
"257",257,0.194029850746269,"c","EnterovirusB_VP2","T","I","1","nonsyn",0
"258",258,0.373134328358209,"t","EnterovirusB_VP2","T","T","0","syn",0
"259",259,0.0149253731343284,"t","EnterovirusB_VP2","Y","H","1","nonsyn",0
"260",260,0.00298507462686567,"a","EnterovirusB_VP2","Y","C","1","nonsyn",0
"261",261,0.232835820895522,"c","EnterovirusB_VP2","Y","Y","0","syn",0
"262",262,0.417910447761194,"c","EnterovirusB_VP2","L","F","0","nonsyn",0
"263",263,0.205970149253731,"t","EnterovirusB_VP2","L","P","1","nonsyn",0
"264",264,0.0716417910447761,"c","EnterovirusB_VP2","L","L","0","syn",0
"265",265,0.0358208955223881,"a","EnterovirusB_VP2","S","G","1","nonsyn",1
"266",266,0.185074626865672,"g","EnterovirusB_VP2","S","N","0","nonsyn",0
"267",267,0.334328358208955,"t","EnterovirusB_VP2","S","S","0","syn",1
"268",268,0.244776119402985,"g","EnterovirusB_VP2","D","N","1","nonsyn",0
"269",269,0.00895522388059702,"a","EnterovirusB_VP2","D","G","1","nonsyn",0
"270",270,0.173134328358209,"t","EnterovirusB_VP2","D","D","0","syn",1
"271",271,0.134328358208955,"g","EnterovirusB_VP2","G","R","1","nonsyn",0
"272",272,0.00298507462686567,"g","EnterovirusB_VP2","G","E","1","nonsyn",0
"273",273,0,"a","EnterovirusB_VP2","G","G","0","syn",0
"274",274,0.298507462686567,"t","EnterovirusB_VP2","S","P","1","nonsyn",0
"275",275,0,"c","EnterovirusB_VP2","S","L","1","nonsyn",0
"276",276,0.00298507462686567,"a","EnterovirusB_VP2","S","S","0","syn",1
"277",277,0.0626865671641791,"a","EnterovirusB_VP2","T","A","1","nonsyn",0
"278",278,0.00298507462686567,"c","EnterovirusB_VP2","T","I","1","nonsyn",0
"279",279,0.00298507462686567,"c","EnterovirusB_VP2","T","T","0","syn",0
"280",280,0.247761194029851,"t","EnterovirusB_VP2","Y","H","1","nonsyn",0
"281",281,0.229850746268657,"a","EnterovirusB_VP2","Y","C","1","nonsyn",0
"282",282,0,"c","EnterovirusB_VP2","Y","Y","0","syn",0
"283",283,0.211940298507463,"g","EnterovirusB_VP2","A","T","1","nonsyn",0
"284",284,0,"c","EnterovirusB_VP2","A","V","0","nonsyn",0
"285",285,0,"c","EnterovirusB_VP2","A","A","0","syn",0
