"","X.2","X.1","X","Site","Partition","X.alpha.","X.beta..sup....sup.","p.sup....sup.","X.beta..sup....sup..1","p.sup....sup..1","LRT","p.value","X..branches.under.selection","Total.branch.length","wtnt_codon","consensus_codon","consensus_AA","potential_CpG","makesCpG"
"1",1,1,1,1,1,0,0,1,0,0,0,1,0,0,"atg","atg","M","no",1
"2",2,2,2,2,1,8.63,0,0.02,0,0.98,0,0.67,0,7.68,"aat","aat","N","yes",0
"3",3,3,3,3,1,0.39,0.39,0.42,0,0.58,0,0.67,0,0.73,"cca","cca","P","no",1
"4",4,4,4,4,1,0.64,0,0.01,0,0.99,0,0.67,0,0.57,"aac","aac","N","yes",0
"5",5,5,5,5,1,1.18,1.18,0.18,0,0.82,0,0.67,0,1.53,"caa","caa","Q","yes",1
"6",6,6,6,6,1,1.11,0,0.05,0,0.95,0,0.67,0,0.99,"aag","aag","K","yes",0
"7",7,7,7,7,1,1.35,1.35,0.11,0,0.89,0,0.67,0,1.55,"ata","ata","I","no",0
"8",8,8,8,8,1,0,0,1,0,0,0,1,0,0,"ata","ata","I","no",0
"9",9,9,9,9,1,0,0,1,286.43,0,2.7,0.13,1,2.16,"acc","acc","T","no",0
"10",10,10,10,10,1,0,0,1,0,0,0,1,0,0,"att","att","I","no",1
"11",11,11,11,11,1,0.48,0.48,0.27,0,0.73,0,0.67,0,0.73,"ggt","ggt","G","no",0
"12",12,12,12,12,1,1.55,0.29,0.83,0.24,0.17,0,0.67,0,2.03,"tcg","tcg","S","no",0
"13",13,13,13,13,1,0,0,0,0.18,1,0.94,0.33,0,0.41,"gtc","gtc","V","no",0
"14",14,14,14,14,1,0.12,0.12,1,0.02,0,0,0.67,0,0.37,"tgt","tgt","C","yes",1
"15",15,15,15,15,1,0,0,0.72,1.86,0.28,0.7,0.38,2,1.2,"atg","atg","M","no",1
"16",16,16,16,16,1,0.37,0.37,0,0.78,1,0.54,0.42,0,2.13,"aca","aca","T","no",1
"17",17,17,17,17,1,2.34,0.22,0.24,0.17,0.76,0,0.67,0,2.5,"att","att","I","no",1
"18",18,18,18,18,1,0.36,0,0.04,0,0.96,0,0.67,0,0.32,"gga","gga","G","no",0
"19",19,19,19,19,1,0,0,0,0.5,1,0.54,0.42,3,1.15,"atg","atg","M","no",1
"20",20,20,20,20,1,1.95,1.19,0.15,0,0.85,0,0.67,0,2.15,"gct","gct","A","no",0
"21",21,21,21,21,1,1.09,0.4,1,0.36,0,0,0.67,0,1.9,"aac","aac","N","yes",0
"22",22,22,22,22,1,1.33,0,0.01,0,0.99,0,0.67,0,1.18,"tta","tta","L","no",0
"23",23,23,23,23,1,1.82,1.23,0.32,0,0.68,0,0.67,0,2.52,"ata","ata","I","no",0
"24",24,24,24,24,1,1.1,0,0.02,0,0.98,0,0.67,0,0.98,"tta","tta","L","no",0
"25",25,25,25,25,1,0,0,1,0,0,0,1,0,0,"caa","caa","Q","yes",1
"26",26,26,26,26,1,0.81,0,0.19,0,0.81,0,0.67,0,0.72,"att","att","I","no",1
"27",27,27,27,27,1,0.92,0,0.05,0,0.95,0,0.67,0,0.82,"gga","gga","G","no",0
"28",28,28,28,28,1,1.72,1.72,0.33,0,0.67,0,0.67,0,2.84,"aac","aac","N","yes",0
"29",29,29,29,29,1,0.8,0.8,0.19,0,0.81,0,0.67,0,1.06,"ata","ata","I","no",1
"30",30,30,30,30,1,1.29,0,0.05,0,0.95,0,0.67,0,1.15,"atc","atc","I","no",0
"31",31,31,31,31,1,0.36,0,0.11,0,0.89,0,0.67,0,0.32,"tca","tca","S","no",1
"32",32,32,32,32,1,0.23,0.23,1,0.22,0,0,0.67,0,0.73,"ata","ata","I","no",0
"33",33,33,33,33,1,0,0,1,0,0,0,1,0,0,"tgg","tgg","W","no",1
"34",34,34,34,34,1,0.89,0.6,0.08,0.67,0.92,0,0.67,0,2.31,"att","att","I","no",0
"35",35,35,35,35,1,0.49,0.49,0.26,0,0.74,0,0.67,0,0.72,"agc","agc","S","no",0
"36",36,36,36,36,1,0.99,0.99,0.14,0,0.86,0,0.67,0,1.19,"cac","cac","H","yes",1
"37",37,37,37,37,1,0,0,1,532.54,0,2.92,0.11,1,3.7,"tca","tca","S","no",1
"38",38,38,38,38,1,1.77,1.77,0.1,0,0.9,0,0.67,0,2,"att","att","I","no",0
"39",39,39,39,39,1,0,0,0.99,41.85,0.01,1.42,0.25,1,0.86,"caa","caa","Q","yes",1
"40",40,40,40,40,1,0,0,0.94,25.41,0.06,9.4,0,5,3.4,"ctt","ctt","L","no",1
"41",41,41,41,41,1,1.23,1.17,0.5,0.21,0.5,0,0.67,0,2.68,"ggg","ggg","G","no",0
"42",42,42,42,42,1,0,0,0,0.39,1,1.27,0.27,2,0.91,"aat","aat","N","yes",0
"43",43,43,43,43,1,0,0,0.95,18.18,0.05,3.32,0.09,3,2.07,"caa","caa","Q","yes",1
"44",44,44,44,44,1,1.57,1.57,0.09,0,0.91,0,0.67,0,1.73,"aat","aat","N","yes",0
"45",45,45,45,45,1,2.79,0.82,1,0.81,0,0,0.67,0,4.37,"cag","cag","Q","yes",1
"46",46,46,46,46,1,0,0,0.37,0.87,0.63,2.16,0.17,1,1.28,"att","att","I","no",1
"47",47,47,47,47,1,0.95,0.25,1,0.23,0,0,0.67,0,1.43,"gaa","gaa","E","yes",0
"48",48,48,48,48,1,0,0,0.42,2.08,0.58,3.33,0.09,4,2.8,"aca","aca","T","no",1
"49",49,49,49,49,1,0,0,1,0,0,0,1,0,0,"tgc","tgc","C","yes",1
"50",50,50,50,50,1,1.56,1.56,0.09,0,0.91,0,0.67,0,1.73,"aat","aat","N","yes",1
"51",51,51,51,51,1,0.57,0,0.11,0,0.89,0,0.67,0,0.5,"caa","caa","Q","yes",1
"52",52,52,52,52,1,0.48,0.41,0.56,0.41,0.44,0,0.67,0,1.38,"agc","agc","S","no",0
"53",53,53,53,53,1,0.3,0.3,0,0.48,1,0.19,0.53,0,1.38,"gtc","gtc","V","no",0
"54",54,54,54,54,1,2.28,2.28,0.08,0,0.92,0,0.67,0,2.47,"att","att","I","no",1
"55",55,55,55,55,1,1.56,0,0.02,0,0.98,0,0.67,0,1.39,"act","act","T","no",0
"56",56,56,56,56,1,0.63,0,0.01,0,0.99,0,0.67,0,0.57,"tat","tat","Y","yes",1
"57",57,57,57,57,1,0,0,0.2,0.15,0.8,0.43,0.45,0,0.29,"gaa","gaa","E","yes",0
"58",58,58,58,58,1,1.37,0,0.01,0,0.99,0,0.67,0,1.22,"aac","aac","N","yes",0
"59",59,59,59,59,1,0.41,0.41,0,0.91,1,0.63,0.39,0,2.46,"aac","aac","N","yes",1
"60",60,60,60,60,1,1.04,0,0.03,0,0.97,0,0.67,0,0.93,"act","act","T","no",1
"61",61,61,61,61,1,0,0,1,0,0,0,1,0,0,"tgg","tgg","W","no",1
"62",62,62,62,62,1,2.31,2.31,0.15,0,0.85,0,0.67,0,2.85,"gta","gta","V","no",0
"63",63,63,63,63,1,0.63,0,0.02,0,0.98,0,0.67,0,0.57,"aat","aat","N","yes",0
"64",64,64,64,64,1,0.7,0.7,0.31,0.39,0.69,0,0.67,0,1.75,"cag","cag","Q","yes",1
"65",65,65,65,65,1,0.41,0,0.02,0,0.98,0,0.67,0,0.36,"aca","aca","T","no",1
"66",66,66,66,66,1,0.59,0.59,0.32,0,0.68,0,0.67,0,0.96,"tat","tat","Y","yes",1
"67",67,67,67,67,1,1.3,0,0.01,0,0.99,0,0.67,0,1.16,"gtt","gtt","V","no",0
"68",68,68,68,68,1,1.09,1.09,0.25,0,0.75,0,0.67,0,1.6,"aac","aac","N","yes",0
"69",69,69,69,69,1,0.75,0.17,0.95,0.16,0.05,0,0.67,0,1.07,"atc","atc","I","no",1
"70",70,70,70,70,1,0.41,0.36,0.18,0.23,0.82,0,0.67,0,0.94,"agc","agc","S","no",1
"71",71,71,71,71,1,0.41,0,0.02,0,0.98,0,0.67,0,0.36,"aac","aac","N","yes",1
"72",72,72,72,72,1,1.28,1.28,0.13,0,0.87,0,0.67,0,1.53,"acc","acc","T","no",1
"73",73,73,73,73,1,1.11,1.11,0.12,0,0.88,0,0.67,0,1.31,"aac","aac","N","yes",1
"74",74,74,74,74,1,0,0,0,0.35,1,1.31,0.27,2,0.81,"ttt","ttt","F","yes",1
"75",75,75,75,75,1,0.41,0.41,0.53,0.51,0.47,0.01,0.64,0,1.43,"gct","gct","A","no",1
"76",76,76,76,76,1,1.01,1.01,0.56,0,0.44,0,0.67,0,2.19,"gct","gct","A","no",1
"77",77,77,77,77,1,2.68,1.56,0.66,0,0.34,0,0.67,0,4.76,"gga","gga","G","no",0
"78",78,78,78,78,1,0.55,0.55,0,0.64,1,0.03,0.62,0,1.97,"cag","cag","Q","yes",1
"79",79,79,79,79,1,0.66,0.66,0.59,0.77,0.41,0,0.65,0,2.21,"tca","tca","S","no",1
"80",80,80,80,80,1,0.87,0.87,0.59,0,0.41,0,0.67,0,1.95,"gtg","gtg","V","no",1
"81",81,81,81,81,1,3.4,1.49,0.26,1.51,0.74,0,0.67,0,6.49,"gtt","gtt","V","no",0
"82",82,82,82,82,1,1.74,1.74,0.57,0,0.43,0,0.67,0,3.84,"tcc","tcc","S","no",0
"83",83,83,83,83,1,0.49,0,0.59,2.56,0.41,1.13,0.29,4,2.84,"gtg","gtg","V","no",1
"84",84,84,84,84,1,0.46,0.46,0,0.77,1,0.24,0.51,0,2.18,"aaa","aaa","K","yes",0
"85",85,85,85,85,1,1.32,1.32,0.67,0,0.33,0,0.67,0,3.21,"tta","tta","L","no",0
"86",86,86,86,86,1,2.29,1.7,0.47,0,0.53,0,0.67,0,3.88,"gcg","gcg","A","no",0
"87",87,87,87,87,1,0.29,0,0.04,0,0.96,0,0.67,0,0.26,"ggc","ggc","G","no",0
"88",88,88,88,88,1,0.55,0,0.05,0,0.95,0,0.67,0,0.49,"aat","aat","N","yes",1
"89",89,89,89,89,1,1.07,0,0.03,0,0.97,0,0.67,0,0.95,"tcc","tcc","S","no",0
"90",90,90,90,90,1,0,0,1,0,0,0,1,0,0,"tct","tct","S","no",0
"91",91,91,91,91,1,0.34,0,0.19,0,0.81,0,0.67,0,0.31,"ctc","ctc","L","no",0
"92",92,92,92,92,1,2.65,0,0.09,0,0.91,0,0.67,0,2.36,"tgc","tgc","C","yes",1
"93",93,93,93,93,1,1.36,1.36,0.41,0,0.59,0,0.67,0,2.49,"cct","cct","P","no",1
"94",94,94,94,94,1,0.7,0.47,0.63,0.47,0.37,0,0.67,0,1.71,"gtt","gtt","V","no",0
"95",95,95,95,95,1,0,0,0,0.52,1,1.84,0.2,3,1.21,"agt","agt","S","no",1
"96",96,96,96,96,1,0.69,0,0.01,0,0.99,0,0.67,0,0.62,"gga","gga","G","no",0
"97",97,97,97,97,1,0,0,1,0,0,0,1,0,0,"tgg","tgg","W","no",1
"98",98,98,98,98,1,0.93,0.93,0.31,0,0.69,0,0.67,0,1.5,"gct","gct","A","no",0
"99",99,99,99,99,1,0.23,0.23,1,0.22,0,0,0.67,0,0.73,"ata","ata","I","no",0
"100",100,100,100,100,1,0,0,0.95,4.27,0.05,0.99,0.32,1,0.54,"tac","tac","Y","yes",0
"101",101,101,101,101,1,2.55,2.55,0.07,0,0.93,0,0.67,0,2.66,"agt","agt","S","no",1
"102",102,102,102,102,1,0,0,1,0,0,0,1,0,0,"aaa","aaa","K","yes",0
"103",103,103,103,103,1,0.97,0,0.19,0,0.81,0,0.67,0,0.86,"gac","gac","D","yes",0
"104",104,104,104,104,1,1.98,0,0.01,0,0.99,0,0.67,0,1.76,"aac","aac","N","yes",1
"105",105,105,105,105,1,0.94,0.15,0.7,0.08,0.3,0,0.67,0,1.14,"agt","agt","S","no",1
"106",106,106,106,106,1,0,0,0,0.71,1,1.59,0.23,3,1.63,"ata","ata","I","no",0
"107",107,107,107,107,1,1.01,0,0.02,0,0.98,0,0.67,0,0.9,"aga","aga","R","no",0
"108",108,108,108,108,1,1.14,0,0.05,0,0.95,0,0.67,0,1.01,"atc","atc","I","no",0
"109",109,109,109,109,1,2.69,2.69,0.06,0,0.94,0,0.67,0,2.74,"ggt","ggt","G","no",0
"110",110,110,110,110,1,0,0,1,0,0,0,1,0,0,"tcc","tcc","S","no",0
"111",111,111,111,111,1,2.01,0,0.02,0,0.98,0,0.67,0,1.79,"aag","aag","K","yes",1
"112",112,112,112,112,1,0.59,0,0.03,0,0.97,0,0.67,0,0.52,"ggg","ggg","G","no",0
"113",113,113,113,113,1,0,0,0.75,0,0.25,0,0.67,0,0,"gat","gat","D","yes",1
"114",114,114,114,114,1,1.14,1.14,0.27,0,0.73,0,0.67,0,1.74,"gtg","gtg","V","no",1
"115",115,115,115,115,1,0,0,0.97,11.81,0.03,1.06,0.31,1,0.69,"ttt","ttt","F","yes",1
"116",116,116,116,116,1,0.29,0,0.98,60.72,0.02,3.15,0.1,3,2.8,"gtc","gtc","V","no",0
"117",117,117,117,117,1,0,0,0.99,32.43,0.01,1.05,0.31,1,0.62,"ata","ata","I","no",1
"118",118,118,118,118,1,1.8,0,0.02,0,0.98,0,0.67,0,1.6,"agg","agg","R","no",0
"119",119,119,119,119,1,3.14,0,0.19,0,0.81,0,0.67,0,2.8,"gaa","gaa","E","yes",0
"120",120,120,120,120,1,0.46,0,0.2,0,0.8,0,0.67,0,0.41,"cca","cca","P","no",1
"121",121,121,121,121,1,0.9,0,0.03,0,0.97,0,0.67,0,0.8,"ttc","ttc","F","yes",0
"122",122,122,122,122,1,3.09,0,0.15,0,0.85,0,0.67,0,2.75,"ata","ata","I","no",1
"123",123,123,123,123,1,0.75,0,0.17,0,0.83,0,0.67,0,0.67,"tca","tca","S","no",1
"124",124,124,124,124,1,0.47,0,0.14,0,0.86,0,0.67,0,0.42,"tgc","tgc","C","yes",1
"125",125,125,125,125,1,1.09,0,0.02,0,0.98,0,0.67,0,0.97,"tcc","tcc","S","no",0
"126",126,126,126,126,1,1.61,1.61,0.38,0,0.62,0,0.67,0,2.85,"ccc","ccc","P","no",0
"127",127,127,127,127,1,0.44,0.44,0.65,0,0.35,0,0.67,0,1.05,"ttg","ttg","L","no",1
"128",128,128,128,128,1,0.19,0.19,1,0.14,0,0,0.67,0,0.61,"gaa","gaa","E","yes",0
"129",129,129,129,129,1,0.41,0,0.11,0,0.89,0,0.67,0,0.36,"tgc","tgc","C","yes",1
"130",130,130,130,130,1,1.67,1.67,0.09,0,0.91,0,0.67,0,1.84,"aga","aga","R","no",1
"131",131,131,131,131,1,1.01,1.01,0.16,0,0.84,0,0.67,0,1.29,"acc","acc","T","no",0
"132",132,132,132,132,1,0.97,0,0.02,0,0.98,0,0.67,0,0.86,"ttc","ttc","F","yes",0
"133",133,133,133,133,1,0.47,0,0.11,0,0.89,0,0.67,0,0.42,"ttc","ttc","F","yes",0
"134",134,134,134,134,1,0.37,0,0.05,0,0.95,0,0.67,0,0.33,"ttg","ttg","L","no",1
"135",135,135,135,135,1,0.71,0.71,0.23,0,0.77,0,0.67,0,1.01,"act","act","T","no",0
"136",136,136,136,136,1,1.9,0,0.04,0,0.96,0,0.67,0,1.7,"caa","caa","Q","yes",1
"137",137,137,137,137,1,2.16,0,0.02,0,0.98,0,0.67,0,1.92,"ggg","ggg","G","no",0
"138",138,138,138,138,1,2.47,2.47,0.07,0,0.93,0,0.67,0,2.58,"gcc","gcc","A","no",0
"139",139,139,139,139,1,1.38,0,0.02,0,0.98,0,0.67,0,1.22,"ttg","ttg","L","no",1
"140",140,140,140,140,1,1.96,1.96,0.16,0,0.84,0,0.67,0,2.48,"cta","cta","L","no",0
"141",141,141,141,141,1,0,0,1,0,0,0,1,0,0,"aat","aat","N","yes",1
"142",142,142,142,142,1,0,0,1,0,0,0,1,0,0,"gac","gac","D","yes",0
"143",143,143,143,143,1,0.98,0.98,0.15,0,0.85,0,0.67,0,1.2,"aaa","aaa","K","yes",1
"144",144,144,144,144,1,0,0,1,0,0,0,1,0,0,"cat","cat","H","yes",1
"145",145,145,145,145,1,1.1,0,0.03,0,0.97,0,0.67,0,0.98,"tcc","tcc","S","no",0
"146",146,146,146,146,1,0,0,1,0,0,0,1,0,0,"aat","aat","N","yes",1
"147",147,147,147,147,1,1.6,1.6,0.18,0,0.82,0,0.67,0,2.07,"gga","gga","G","no",0
"148",148,148,148,148,1,0.31,0,0.05,0,0.95,0,0.67,0,0.27,"acc","acc","T","no",0
"149",149,149,149,149,1,1.34,0.47,1,0.36,0,0,0.67,0,2.28,"att","att","I","no",1
"150",150,150,150,150,1,0.37,0,0.02,0,0.98,0,0.67,0,0.33,"aaa","aaa","K","yes",0
"151",151,151,151,151,1,0.46,0.46,0.49,0,0.51,0,0.67,0,0.93,"gac","gac","D","yes",0
"152",152,152,152,152,1,0.85,0,0.11,0,0.89,0,0.67,0,0.76,"agg","agg","R","no",1
"153",153,153,153,153,1,2.15,2.15,0.07,0,0.93,0,0.67,0,2.25,"agc","agc","S","no",0
"154",154,154,154,154,1,1.85,0,0.11,0,0.89,0,0.67,0,1.65,"cca","cca","P","no",1
"155",155,155,155,155,1,0.56,0.56,0.29,0.59,0.71,0,0.66,0,1.83,"tat","tat","Y","yes",0
"156",156,156,156,156,1,1.37,0,0.01,0,0.99,0,0.67,0,1.22,"cga","cga","R","no",0
"157",157,157,157,157,1,2.25,0.14,1,0.12,0,0,0.67,0,2.34,"acc","acc","T","no",0
"158",158,158,158,158,1,2.23,0,0,0,1,0,0.67,0,1.99,"cta","cta","L","no",0
"159",159,159,159,159,1,0,0,1,0,0,0,1,0,0,"atg","atg","M","no",1
"160",160,160,160,160,1,0,0,1,0,0,0,1,0,0,"agc","agc","S","no",0
"161",161,161,161,161,1,2.06,0,0.04,0,0.96,0,0.67,0,1.83,"tgt","tgt","C","yes",1
"162",162,162,162,162,1,1.3,0,0.05,0,0.95,0,0.67,0,1.16,"cct","cct","P","no",0
"163",163,163,163,163,1,1.22,0.66,1,0.57,0,0,0.67,0,2.6,"att","att","I","no",1
"164",164,164,164,164,1,0.83,0,0.05,0,0.95,0,0.67,0,0.74,"ggt","ggt","G","no",1
"165",165,165,165,165,1,0.62,0,0.05,0,0.95,0,0.67,0,0.55,"gaa","gaa","E","yes",0
"166",166,166,166,166,1,0.83,0.14,1,0.13,0,0,0.67,0,1.06,"gtt","gtt","V","no",0
"167",167,167,167,167,1,1.65,0,0.02,0,0.98,0,0.67,0,1.47,"ccc","ccc","P","no",0
"168",168,168,168,168,1,3.05,3.05,0.08,0,0.92,0,0.67,0,3.29,"tct","tct","S","no",0
"169",169,169,169,169,1,1.37,1.37,0.13,0,0.87,0,0.67,0,1.62,"cca","cca","P","no",1
"170",170,170,170,170,1,0,0,1,0,0,0,1,0,0,"tac","tac","Y","yes",0
"171",171,171,171,171,1,1.49,0,0.01,0,0.99,0,0.67,0,1.32,"aac","aac","N","yes",1
"172",172,172,172,172,1,0,0,1,0,0,0,1,0,0,"tca","tca","S","no",1
"173",173,173,173,173,1,1.13,1.13,0.26,0,0.74,0,0.67,0,1.69,"aga","aga","R","no",0
"174",174,174,174,174,1,1.09,0,0.02,0,0.98,0,0.67,0,0.97,"ttt","ttt","F","yes",1
"175",175,175,175,175,1,0.74,0,0.02,0,0.98,0,0.67,0,0.66,"gag","gag","E","yes",0
"176",176,176,176,176,1,0.75,0,0.05,0,0.95,0,0.67,0,0.67,"tca","tca","S","no",1
"177",177,177,177,177,1,0.7,0,0.02,0,0.98,0,0.67,0,0.62,"gtc","gtc","V","no",0
"178",178,178,178,178,1,0.81,0,0.02,0,0.98,0,0.67,0,0.72,"gct","gct","A","no",0
"179",179,179,179,179,1,0,0,1,0,0,0,1,0,0,"tgg","tgg","W","no",1
"180",180,180,180,180,1,0.36,0,0.28,0,0.72,0,0.67,0,0.32,"tca","tca","S","no",1
"181",181,181,181,181,1,0.76,0,0.11,0,0.89,0,0.67,0,0.67,"gca","gca","A","no",1
"182",182,182,182,182,1,1.81,1.81,0.08,0,0.92,0,0.67,0,1.94,"agt","agt","S","no",1
"183",183,183,183,183,1,1.69,0,0.11,0,0.89,0,0.67,0,1.51,"gct","gct","A","no",0
"184",184,184,184,184,1,2.31,0,0.05,0,0.95,0,0.67,0,2.06,"tgt","tgt","C","yes",1
"185",185,185,185,185,1,0.56,0,0.11,0,0.89,0,0.67,0,0.5,"cat","cat","H","yes",1
"186",186,186,186,186,1,0,0,1,0,0,0,1,0,0,"gat","gat","D","yes",1
"187",187,187,187,187,1,0.29,0,0.04,0,0.96,0,0.67,0,0.26,"ggc","ggc","G","no",0
"188",188,188,188,188,1,0.81,0.81,0,1.21,1,0.16,0.55,0,3.51,"atc","atc","I","no",1
"189",189,189,189,189,1,0.38,0.38,0.3,0.4,0.7,0,0.66,0,1.25,"aat","aat","N","yes",1
"190",190,190,190,190,1,0,0,1,0,0,0,1,0,0,"tgg","tgg","W","no",1
"191",191,191,191,191,1,1.21,0,0.01,0,0.99,0,0.67,0,1.08,"cta","cta","L","no",0
"192",192,192,192,192,1,0.36,0,0.28,0,0.72,0,0.67,0,0.32,"aca","aca","T","no",1
"193",193,193,193,193,1,0.73,0,0.02,0,0.98,0,0.67,0,0.65,"att","att","I","no",1
"194",194,194,194,194,1,0.75,0,0.04,0,0.96,0,0.67,0,0.67,"gga","gga","G","no",0
"195",195,195,195,195,1,0,0,0.99,55.75,0.01,3.12,0.1,2,1.75,"att","att","I","no",0
"196",196,196,196,196,1,0,0,1,0,0,0,1,0,0,"tct","tct","S","no",1
"197",197,197,197,197,1,1.1,0,0.02,0,0.98,0,0.67,0,0.98,"ggc","ggc","G","no",0
"198",198,198,198,198,1,0.76,0,0.03,0,0.97,0,0.67,0,0.67,"cca","cca","P","no",1
"199",199,199,199,199,1,1.74,1.74,0.15,0,0.85,0,0.67,0,2.15,"gac","gac","D","yes",0
"200",200,200,200,200,1,0,0,0,0.38,1,1.27,0.27,1,0.88,"aat","aat","N","yes",1
"201",201,201,201,201,1,1.54,0,0.05,0,0.95,0,0.67,0,1.37,"ggg","ggg","G","no",0
"202",202,202,202,202,1,0.38,0,0.04,0,0.96,0,0.67,0,0.34,"gca","gca","A","no",1
"203",203,203,203,203,1,0.23,0,0.98,35.2,0.02,1.63,0.22,2,1.59,"gtg","gtg","V","no",1
"204",204,204,204,204,1,0,0,1,0,0,0,1,0,0,"gct","gct","A","no",1
"205",205,205,205,205,1,1.29,0,0.02,0,0.98,0,0.67,0,1.14,"gtg","gtg","V","no",1
"206",206,206,206,206,1,1.1,0,0.02,0,0.98,0,0.67,0,0.98,"tta","tta","L","no",0
"207",207,207,207,207,1,0.53,0.53,0.26,0,0.74,0,0.67,0,0.78,"aag","aag","K","yes",0
"208",208,208,208,208,1,0,0,1,0,0,0,1,0,0,"tac","tac","Y","yes",0
"209",209,209,209,209,1,0.97,0.97,0.14,0,0.86,0,0.67,0,1.18,"aac","aac","N","yes",1
"210",210,210,210,210,1,1.89,1.89,0.08,0,0.92,0,0.67,0,2.01,"ggc","ggc","G","no",0
"211",211,211,211,211,1,0,0,1,179.98,0,2,0.18,1,1.41,"ata","ata","I","no",1
"212",212,212,212,212,1,0,0,1,0,0,0,1,0,0,"ata","ata","I","no",0
"213",213,213,213,213,1,0.91,0,0.02,0,0.98,0,0.67,0,0.81,"aca","aca","T","no",1
"214",214,214,214,214,1,0.46,0.36,0.11,0.36,0.89,0,0.67,0,1.24,"gac","gac","D","yes",0
"215",215,215,215,215,1,1.04,0,0.11,0,0.89,0,0.67,0,0.93,"act","act","T","no",1
"216",216,216,216,216,1,1.07,0,0.04,0,0.96,0,0.67,0,0.95,"atc","atc","I","no",0
"217",217,217,217,217,1,0.77,0.77,0.18,0,0.82,0,0.67,0,1.01,"aag","aag","K","yes",1
"218",218,218,218,218,1,0,0,1,0,0,0,1,0,0,"agt","agt","S","no",0
"219",219,219,219,219,1,0,0,1,0,0,0,1,0,0,"tgg","tgg","W","no",1
"220",220,220,220,220,1,1.01,1.01,0.7,0,0.3,0,0.67,0,2.53,"aga","aga","R","no",0
"221",221,221,221,221,1,1.3,0.48,0.24,0.2,0.76,0,0.67,0,1.78,"aac","aac","N","yes",0
"222",222,222,222,222,1,0.48,0.48,0,1.96,1,2.04,0.18,0,4.95,"aat","aat","N","yes",1
"223",223,223,223,223,1,1.4,1.4,0.2,0,0.8,0,0.67,0,1.9,"ata","ata","I","no",0
"224",224,224,224,224,1,2.21,0,0.04,0,0.96,0,0.67,0,1.96,"ttg","ttg","L","no",1
"225",225,225,225,225,1,0,0,0.97,7.04,0.03,0.92,0.33,1,0.44,"aga","aga","R","no",0
"226",226,226,226,226,1,0,0,1,0,0,0,1,0,0,"aca","aca","T","no",1
"227",227,227,227,227,1,1.17,0,0.09,0,0.91,0,0.67,0,1.04,"caa","caa","Q","yes",1
"228",228,228,228,228,1,1.17,0,0.02,0,0.98,0,0.67,0,1.04,"gag","gag","E","yes",0
"229",229,229,229,229,1,1.28,0,0.11,0,0.89,0,0.67,0,1.14,"tct","tct","S","no",1
"230",230,230,230,230,1,0,0,1,0,0,0,1,0,0,"gaa","gaa","E","yes",0
"231",231,231,231,231,1,0,0,1,0,0,0,1,0,0,"tgt","tgt","C","yes",1
"232",232,232,232,232,1,2.28,0.43,0.94,0.43,0.06,0,0.67,0,3.03,"gca","gca","A","no",1
"233",233,233,233,233,1,1.99,1.99,0.1,0,0.9,0,0.67,0,2.22,"tgt","tgt","C","yes",1
"234",234,234,234,234,1,1.1,1.1,0.39,0,0.61,0,0.67,0,1.97,"gta","gta","V","no",0
"235",235,235,235,235,1,1.79,1.79,0.08,0,0.92,0,0.67,0,1.93,"aat","aat","N","yes",1
"236",236,236,236,236,1,0.67,0,0.02,0,0.98,0,0.67,0,0.6,"ggt","ggt","G","no",0
"237",237,237,237,237,1,1.37,0,0.04,0,0.96,0,0.67,0,1.22,"tct","tct","S","no",0
"238",238,238,238,238,1,0.97,0,0.14,0,0.86,0,0.67,0,0.87,"tgc","tgc","C","yes",1
"239",239,239,239,239,1,2.49,0,0.02,0,0.98,0,0.67,0,2.21,"ttt","ttt","F","yes",0
"240",240,240,240,240,1,1.26,0,0.04,0,0.96,0,0.67,0,1.12,"act","act","T","no",1
"241",241,241,241,241,1,0.66,0.27,1,0.25,0,0,0.67,0,1.2,"gta","gta","V","no",0
"242",242,242,242,242,1,0.1,0.1,0.55,0.09,0.45,0,0.67,0,0.31,"atg","atg","M","no",1
"243",243,243,243,243,1,0.65,0,0.02,0,0.98,0,0.67,0,0.57,"acc","acc","T","no",0
"244",244,244,244,244,1,0.68,0,0.05,0,0.95,0,0.67,0,0.6,"gat","gat","D","yes",1
"245",245,245,245,245,1,1.46,0,0.02,0,0.98,0,0.67,0,1.3,"gga","gga","G","no",0
"246",246,246,246,246,1,2.51,0,0.01,0,0.99,0,0.67,0,2.24,"cca","cca","P","no",1
"247",247,247,247,247,1,0,0,0.98,11.41,0.02,0.98,0.32,1,0.47,"agt","agt","S","no",1
"248",248,248,248,248,1,1.22,1.22,0.43,1.58,0.57,0.04,0.61,0,4.38,"gat","gat","D","yes",1
"249",249,249,249,249,1,2.72,2.72,0.17,0,0.83,0,0.67,0,3.52,"gga","gga","G","no",0
"250",250,250,250,250,1,1.01,0.53,1,0.43,0,0,0.67,0,2.13,"cag","cag","Q","yes",1
"251",251,251,251,251,1,0.6,0,0.02,0,0.98,0,0.67,0,0.54,"gcc","gcc","A","no",0
"252",252,252,252,252,1,1.92,0,0.04,0,0.96,0,0.67,0,1.71,"tca","tca","S","no",1
"253",253,253,253,253,1,0.46,0,0.02,0,0.98,0,0.67,0,0.41,"tac","tac","Y","yes",0
"254",254,254,254,254,1,0.77,0.26,0.23,0.29,0.77,0,0.67,0,1.34,"aag","aag","K","yes",1
"255",255,255,255,255,1,1.53,0.18,0.87,0.16,0.13,0,0.67,0,1.77,"atc","atc","I","no",0
"256",256,256,256,256,1,0.45,0,0.05,0,0.95,0,0.67,0,0.4,"ttc","ttc","F","yes",0
"257",257,257,257,257,1,3.23,3.23,0.16,0,0.84,0,0.67,0,4.04,"aga","aga","R","no",1
"258",258,258,258,258,1,2.11,0,0.05,0,0.95,0,0.67,0,1.88,"ata","ata","I","no",0
"259",259,259,259,259,1,2.51,0,0.01,0,0.99,0,0.67,0,2.23,"gaa","gaa","E","yes",0
"260",260,260,260,260,1,0.27,0.15,0.07,0.14,0.93,0,0.67,0,0.56,"aag","aag","K","yes",0
"261",261,261,261,261,1,1.61,0,0.05,0,0.95,0,0.67,0,1.44,"gga","gga","G","no",0
"262",262,262,262,262,1,2.02,1.36,0.23,0,0.77,0,0.67,0,2.51,"aag","aag","K","yes",0
"263",263,263,263,263,1,0.61,0.61,0.46,0.64,0.54,0,0.66,0,1.99,"ata","ata","I","no",0
"264",264,264,264,264,1,2.24,1.22,0.3,0,0.7,0,0.67,0,2.83,"gtc","gtc","V","no",0
"265",265,265,265,265,1,0,0,1,0,0,0,1,0,0,"aaa","aaa","K","yes",1
"266",266,266,266,266,1,0.37,0.37,0.69,0,0.31,0,0.67,0,0.93,"tca","tca","S","no",1
"267",267,267,267,267,1,1.69,0.69,1,0.6,0,0,0.67,0,3.1,"gtc","gtc","V","no",0
"268",268,268,268,268,1,0.68,0,0.02,0,0.98,0,0.67,0,0.61,"gaa","gaa","E","yes",0
"269",269,269,269,269,1,1.6,0.58,0.74,0.47,0.26,0,0.67,0,2.69,"atg","atg","M","no",1
"270",270,270,270,270,1,0.56,0.25,1,0.31,0,0,0.67,0,1.08,"aat","aat","N","yes",1
"271",271,271,271,271,1,1.06,0,0.01,0,0.99,0,0.67,0,0.95,"gcc","gcc","A","no",0
"272",272,272,272,272,1,2.01,0,0.01,0,0.99,0,0.67,0,1.79,"cct","cct","P","no",0
"273",273,273,273,273,1,0,0,0.42,0.22,0.58,0.44,0.45,1,0.3,"aat","aat","N","yes",0
"274",274,274,274,274,1,1.74,0.83,1,0.8,0,0,0.67,0,3.47,"tat","tat","Y","yes",0
"275",275,275,275,275,1,1.66,0,0.87,20.53,0.13,4.76,0.04,11,7.39,"cac","cac","H","yes",1
"276",276,276,276,276,1,2.03,0,0.28,0,0.72,0,0.67,0,1.81,"tat","tat","Y","yes",1
"277",277,277,277,277,1,0.27,0,0.02,0,0.98,0,0.67,0,0.24,"gag","gag","E","yes",0
"278",278,278,278,278,1,0,0,1,0,0,0,1,0,0,"gaa","gaa","E","yes",0
"279",279,279,279,279,1,3.17,0,0.03,0,0.97,0,0.67,0,2.82,"tgc","tgc","C","yes",1
"280",280,280,280,280,1,0.93,0,0.02,0,0.98,0,0.67,0,0.83,"tcc","tcc","S","no",0
"281",281,281,281,281,1,0,0,1,0,0,0,1,0,0,"tgt","tgt","C","yes",1
"282",282,282,282,282,1,0.98,0,0.02,0,0.98,0,0.67,0,0.87,"tat","tat","Y","yes",0
"283",283,283,283,283,1,0.41,0,0.14,0,0.86,0,0.67,0,0.37,"cct","cct","P","no",1
"284",284,284,284,284,1,1.29,0.12,0.66,0.1,0.34,0,0.67,0,1.41,"gat","gat","D","yes",0
"285",285,285,285,285,1,1.19,0.19,1,0.17,0,0,0.67,0,1.5,"tct","tct","S","no",0
"286",286,286,286,286,1,0.38,0.12,1,0.11,0,0,0.67,0,0.61,"agt","agt","S","no",1
"287",287,287,287,287,1,0.62,0.62,0,0.69,1,0.01,0.64,0,2.13,"gaa","gaa","E","yes",0
"288",288,288,288,288,1,0.72,0.18,0.86,0.16,0.14,0,0.67,0,1.05,"atc","atc","I","no",0
"289",289,289,289,289,1,0.43,0.43,0.64,0,0.36,0,0.67,0,1.02,"aca","aca","T","no",1
"290",290,290,290,290,1,0,0,1,0,0,0,1,0,0,"tgt","tgt","C","yes",1
"291",291,291,291,291,1,1.16,0,0.01,0,0.99,0,0.67,0,1.03,"gtg","gtg","V","no",1
"292",292,292,292,292,1,0.45,0,0.04,0,0.96,0,0.67,0,0.4,"tgc","tgc","C","yes",1
"293",293,293,293,293,1,3.06,0,0.02,0,0.98,0,0.67,0,2.72,"agg","agg","R","no",1
"294",294,294,294,294,1,1.46,0,0.11,0,0.89,0,0.67,0,1.3,"gat","gat","D","yes",0
"295",295,295,295,295,1,1.13,1.13,0.12,0,0.88,0,0.67,0,1.33,"aac","aac","N","yes",0
"296",296,296,296,296,1,0,0,1,0,0,0,1,0,0,"tgg","tgg","W","no",1
"297",297,297,297,297,1,1.41,0,0.15,0,0.85,0,0.67,0,1.26,"cat","cat","H","yes",1
"298",298,298,298,298,1,0.7,0,0.11,0,0.89,0,0.67,0,0.62,"ggc","ggc","G","no",0
"299",299,299,299,299,1,1.29,1.29,0.21,0,0.79,0,0.67,0,1.78,"tcg","tcg","S","no",0
"300",300,300,300,300,1,2.08,0,0.04,0,0.96,0,0.67,0,1.85,"aat","aat","N","yes",0
"301",301,301,301,301,1,0.89,0,0.01,0,0.99,0,0.67,0,0.8,"cga","cga","R","no",0
"302",302,302,302,302,1,2.09,0,0.01,0,0.99,0,0.67,0,1.86,"ccg","ccg","P","no",0
"303",303,303,303,303,1,0,0,1,0,0,0,1,0,0,"tgg","tgg","W","no",1
"304",304,304,304,304,1,1.57,0,0.05,0,0.95,0,0.67,0,1.39,"gtg","gtg","V","no",1
"305",305,305,305,305,1,2.12,2.12,0.11,0,0.89,0,0.67,0,2.44,"tct","tct","S","no",0
"306",306,306,306,306,1,1.11,0,0.06,0,0.94,0,0.67,0,0.99,"ttc","ttc","F","yes",0
"307",307,307,307,307,1,1.78,0.5,0.63,0.26,0.37,0,0.67,0,2.54,"aac","aac","N","yes",1
"308",308,308,308,308,1,0.8,0.8,0.47,0,0.53,0,0.67,0,1.58,"cag","cag","Q","yes",1
"309",309,309,309,309,1,1.17,1.17,0.12,0,0.88,0,0.67,0,1.37,"aat","aat","N","yes",0
"310",310,310,310,310,1,0.49,0,0.02,0,0.98,0,0.67,0,0.44,"ctg","ctg","L","no",1
"311",311,311,311,311,1,0.69,0.12,1,0.07,0,0,0.67,0,0.88,"gaa","gaa","E","yes",0
"312",312,312,312,312,1,0.56,0,0.01,0,0.99,0,0.67,0,0.5,"tat","tat","Y","yes",0
"313",313,313,313,313,1,0.99,0.99,0.2,0,0.8,0,0.67,0,1.33,"cag","cag","Q","yes",1
"314",314,314,314,314,1,1.55,1.55,0.72,0,0.28,0,0.67,0,3.97,"ata","ata","I","no",0
"315",315,315,315,315,1,1.27,0,0.05,0,0.95,0,0.67,0,1.14,"gga","gga","G","no",0
"316",316,316,316,316,1,0,0,1,0,0,0,1,0,0,"tac","tac","Y","yes",0
"317",317,317,317,317,1,0.51,0.51,0.29,0,0.71,0,0.67,0,0.8,"ata","ata","I","no",1
"318",318,318,318,318,1,0.41,0,0.04,0,0.96,0,0.67,0,0.36,"tgc","tgc","C","yes",1
"319",319,319,319,319,1,0,0,0.98,8.28,0.02,0.87,0.34,1,0.43,"agt","agt","S","no",1
"320",320,320,320,320,1,0.53,0,0.03,0,0.97,0,0.67,0,0.47,"ggg","ggg","G","no",0
"321",321,321,321,321,1,1.44,0.36,0.68,0.28,0.32,0,0.67,0,2.05,"att","att","I","no",0
"322",322,322,322,322,1,4.49,4.49,0.05,0,0.95,0,0.67,0,4.55,"ttc","ttc","F","yes",0
"323",323,323,323,323,1,1.37,0,0.02,0,0.98,0,0.67,0,1.22,"gga","gga","G","no",0
"324",324,324,324,324,1,0.45,0,0.03,0,0.97,0,0.67,0,0.4,"gac","gac","D","yes",0
"325",325,325,325,325,1,2,2,0.15,0,0.85,0,0.67,0,2.47,"aat","aat","N","yes",1
"326",326,326,326,326,1,0.57,0,0.02,0,0.98,0,0.67,0,0.51,"cca","cca","P","no",1
"327",327,327,327,327,1,1.87,1.87,0.08,0,0.92,0,0.67,0,2.03,"cgc","cgc","R","no",0
"328",328,328,328,328,1,0.68,0,0.01,0,0.99,0,0.67,0,0.61,"cct","cct","P","no",0
"329",329,329,329,329,1,1.04,1.04,1,0.78,0,0,0.67,0,3.31,"aat","aat","N","yes",1
"330",330,330,330,330,1,1.28,0,0.37,0,0.63,0,0.67,0,1.14,"gat","gat","D","yes",0
"331",331,331,331,331,1,2.36,1.1,0.43,0,0.57,0,0.67,0,3.19,"aag","aag","K","yes",0
"332",332,332,332,332,1,0.36,0.36,0,0.9,1,0.85,0.35,0,2.39,"aca","aca","T","no",1
"333",333,333,333,333,1,0.29,0,0.01,0,0.99,0,0.67,0,0.26,"ggc","ggc","G","no",0
"334",334,334,334,334,1,0.98,0.98,0.14,0,0.86,0,0.67,0,1.18,"agt","agt","S","no",1
"335",335,335,335,335,1,1.09,0,0.04,0,0.96,0,0.67,0,0.97,"tgt","tgt","C","yes",1
"336",336,336,336,336,1,0,0,0,0.26,1,1.02,0.31,0,0.6,"ggt","ggt","G","no",0
"337",337,337,337,337,1,0.38,0.38,0.42,0,0.58,0,0.67,0,0.7,"cca","cca","P","no",1
"338",338,338,338,338,1,1.15,1.15,0.41,0,0.59,0,0.67,0,2.1,"gta","gta","V","no",0
"339",339,339,339,339,1,0.65,0,0.22,1.21,0.78,0.16,0.55,0,2.76,"tcg","tcg","S","no",0
"340",340,340,340,340,1,0.84,0,0.72,3.09,0.28,0.74,0.37,4,2.73,"tct","tct","S","no",0
"341",341,341,341,341,1,0,0,0,0.37,1,1.22,0.28,2,0.84,"aat","aat","N","yes",1
"342",342,342,342,342,1,1.23,0,0.05,0,0.95,0,0.67,0,1.09,"gga","gga","G","no",0
"343",343,343,343,343,1,0,0,0.75,0,0.25,0,0.67,0,0,"gca","gca","A","no",1
"344",344,344,344,344,1,0.45,0,0.44,2.39,0.56,1.36,0.26,3,3.51,"aat","aat","N","yes",1
"345",345,345,345,345,1,0.81,0,0.29,0,0.71,0,0.67,0,0.72,"gga","gga","G","no",0
"346",346,346,346,346,1,1.2,0,0.09,0,0.91,0,0.67,0,1.07,"gta","gta","V","no",0
"347",347,347,347,347,1,1.75,0,0.02,0,0.98,0,0.67,0,1.56,"aaa","aaa","K","yes",0
"348",348,348,348,348,1,0.67,0,0.04,0,0.96,0,0.67,0,0.6,"gga","gga","G","no",0
"349",349,349,349,349,1,1.36,0,0.02,0,0.98,0,0.67,0,1.21,"ttt","ttt","F","yes",0
"350",350,350,350,350,1,0,0,1,0,0,0,1,0,0,"tca","tca","S","no",1
"351",351,351,351,351,1,0.92,0.22,0.59,0.2,0.41,0,0.67,0,1.3,"ttc","ttc","F","yes",0
"352",352,352,352,352,1,1.47,0.4,1,0.39,0,0,0.67,0,2.23,"aaa","aaa","K","yes",1
"353",353,353,353,353,1,0.97,0,0.05,0,0.95,0,0.67,0,0.86,"tac","tac","Y","yes",0
"354",354,354,354,354,1,0.35,0,0.96,14.75,0.04,1.69,0.22,3,1.73,"ggc","ggc","G","no",0
"355",355,355,355,355,1,0,0,1,174.74,0,2.13,0.17,1,1.39,"aat","aat","N","yes",1
"356",356,356,356,356,1,0.83,0,0.02,0,0.98,0,0.67,0,0.74,"ggt","ggt","G","no",1
"357",357,357,357,357,1,0.42,0.42,0.35,0,0.65,0,0.67,0,0.72,"gtt","gtt","V","no",0
"358",358,358,358,358,1,0,0,1,0,0,0,1,0,0,"tgg","tgg","W","no",1
"359",359,359,359,359,1,1.27,1.27,0.11,0,0.89,0,0.67,0,1.46,"ata","ata","I","no",0
"360",360,360,360,360,1,1.2,0,0.02,0,0.98,0,0.67,0,1.07,"ggg","ggg","G","no",0
"361",361,361,361,361,1,2.16,2.16,0.07,0,0.93,0,0.67,0,2.28,"aga","aga","R","no",0
"362",362,362,362,362,1,0.77,0,0.11,0,0.89,0,0.67,0,0.69,"act","act","T","no",0
"363",363,363,363,363,1,0,0,1,0,0,0,1,0,0,"aaa","aaa","K","yes",0
"364",364,364,364,364,1,0.49,0.49,0.26,0,0.74,0,0.67,0,0.73,"agc","agc","S","no",0
"365",365,365,365,365,1,0.42,0.42,0.13,0.44,0.87,0,0.66,0,1.38,"att","att","I","no",1
"366",366,366,366,366,1,1.37,1.37,0.31,0,0.69,0,0.67,0,2.21,"agt","agt","S","no",0
"367",367,367,367,367,1,2.52,2.52,0.29,0,0.71,0,0.67,0,3.94,"tca","tca","S","no",1
"368",368,368,368,368,1,2.15,0,0.01,0,0.99,0,0.67,0,1.91,"aga","aga","R","no",0
"369",369,369,369,369,1,1.18,1.18,0.43,1.05,0.57,0,0.67,0,3.6,"aac","aac","N","yes",0
"370",370,370,370,370,1,1.84,0,0.27,0,0.73,0,0.67,0,1.64,"ggt","ggt","G","no",0
"371",371,371,371,371,1,0.56,0,0.2,0,0.8,0,0.67,0,0.5,"ttt","ttt","F","yes",1
"372",372,372,372,372,1,0.55,0,0.02,0,0.98,0,0.67,0,0.49,"gag","gag","E","yes",0
"373",373,373,373,373,1,12.93,12.93,0.04,0,0.96,0,0.67,0,12.66,"atg","atg","M","no",1
"374",374,374,374,374,1,1.5,1.5,0.12,0,0.88,0,0.67,0,1.75,"att","att","I","no",0
"375",375,375,375,375,1,0,0,1,0,0,0,1,0,0,"tgg","tgg","W","no",1
"376",376,376,376,376,1,0,0,1,0,0,0,1,0,0,"gat","gat","D","yes",0
"377",377,377,377,377,1,2.39,2.39,0.08,0,0.92,0,0.67,0,2.55,"ccg","ccg","P","no",0
"378",378,378,378,378,1,1.8,0.14,0.51,0.13,0.49,0,0.67,0,1.91,"aac","aac","N","yes",0
"379",379,379,379,379,1,2.19,0,0.04,0,0.96,0,0.67,0,1.95,"gga","gga","G","no",0
"380",380,380,380,380,1,0,0,1,0,0,0,1,0,0,"tgg","tgg","W","no",1
"381",381,381,381,381,1,1.36,1.36,0.37,0,0.63,0,0.67,0,2.37,"act","act","T","no",1
"382",382,382,382,382,1,1.2,0.99,1,0.6,0,0,0.67,0,3.36,"ggg","ggg","G","no",0
"383",383,383,383,383,1,1.13,1.13,0.15,0,0.85,0,0.67,0,1.4,"aca","aca","T","no",1
"384",384,384,384,384,1,1.58,0,0.01,0,0.99,0,0.67,0,1.41,"gac","gac","D","yes",0
"385",385,385,385,385,1,0,0,0,0.67,1,2.21,0.16,3,1.55,"aat","aat","N","yes",1
"386",386,386,386,386,1,0.39,0,0.3,2.42,0.7,2.26,0.16,8,4.27,"aac","aac","N","yes",0
"387",387,387,387,387,1,0.41,0,0.04,0,0.96,0,0.67,0,0.36,"ttc","ttc","F","yes",0
"388",388,388,388,388,1,0.39,0.39,0,0.83,1,0.45,0.44,0,2.26,"tca","tca","S","no",1
"389",389,389,389,389,1,0.68,0.63,1,0.62,0,0,0.67,0,2.06,"ata","ata","I","no",0
"390",390,390,390,390,1,0.75,0,0.02,0,0.98,0,0.67,0,0.66,"aag","aag","K","yes",0
"391",391,391,391,391,1,0.88,0,0.02,0,0.98,0,0.67,0,0.78,"caa","caa","Q","yes",1
"392",392,392,392,392,1,0,0,0.08,0.12,0.92,0.39,0.46,1,0.26,"gat","gat","D","yes",0
"393",393,393,393,393,1,2.42,0.47,0.99,0.47,0.01,0,0.67,0,3.24,"atc","atc","I","no",0
"394",394,394,394,394,1,1.67,1.65,0.21,0.59,0.79,0,0.67,0,3.35,"gta","gta","V","no",0
"395",395,395,395,395,1,0.4,0.4,0.77,0,0.23,0,0.67,0,1.07,"gga","gga","G","no",0
"396",396,396,396,396,1,0,0,0,1.07,1,1.16,0.29,5,2.45,"ata","ata","I","no",0
"397",397,397,397,397,1,1.01,1.01,0.77,0,0.23,0,0.67,0,2.67,"aat","aat","N","yes",1
"398",398,398,398,398,1,1.92,0.51,0.45,0.03,0.55,0,0.67,0,2.28,"gag","gag","E","yes",0
"399",399,399,399,399,1,0,0,1,0,0,0,1,0,0,"tgg","tgg","W","no",1
"400",400,400,400,400,1,1.18,0,0.03,0,0.97,0,0.67,0,1.05,"tca","tca","S","no",1
"401",401,401,401,401,1,1.48,0,0.02,0,0.98,0,0.67,0,1.32,"gga","gga","G","no",0
"402",402,402,402,402,1,1.62,0,0.05,0,0.95,0,0.67,0,1.45,"tat","tat","Y","yes",0
"403",403,403,403,403,1,3.63,0,0.02,0,0.98,0,0.67,0,3.24,"agc","agc","S","no",0
"404",404,404,404,404,1,1.53,0,0.05,0,0.95,0,0.67,0,1.36,"ggg","ggg","G","no",0
"405",405,405,405,405,1,1.18,0,0.04,0,0.96,0,0.67,0,1.06,"agt","agt","S","no",0
"406",406,406,406,406,1,2.05,0,0,0,1,0,0.67,0,1.82,"ttt","ttt","F","yes",1
"407",407,407,407,407,1,4.32,0,0.01,0,0.99,0,0.67,0,3.84,"gtt","gtt","V","no",0
"408",408,408,408,408,1,1.42,0,0.01,0,0.99,0,0.67,0,1.26,"cag","cag","Q","yes",1
"409",409,409,409,409,1,1.29,0,0.11,0,0.89,0,0.67,0,1.15,"cat","cat","H","yes",1
"410",410,410,410,410,1,1.72,0,0.01,0,0.99,0,0.67,0,1.53,"cca","cca","P","no",1
"411",411,411,411,411,1,0.72,0,0.03,0,0.97,0,0.67,0,0.64,"gaa","gaa","E","yes",0
"412",412,412,412,412,1,1.58,0,0.09,0,0.91,0,0.67,0,1.41,"cta","cta","L","no",0
"413",413,413,413,413,1,0.38,0,0.02,0,0.98,0,0.67,0,0.34,"aca","aca","T","no",1
"414",414,414,414,414,1,1.33,0,0.11,0,0.89,0,0.67,0,1.18,"ggg","ggg","G","no",0
"415",415,415,415,415,1,0.35,0.35,0.63,0.16,0.37,0,0.67,0,0.96,"ctg","ctg","L","no",1
"416",416,416,416,416,1,2.54,2.54,0.32,0,0.68,0,0.67,0,4.12,"gat","gat","D","yes",0
"417",417,417,417,417,1,0,0,1,0,0,0,1,0,0,"tgt","tgt","C","yes",1
"418",418,418,418,418,1,1.72,0.24,1,0.17,0,0,0.67,0,2.08,"ata","ata","I","no",0
"419",419,419,419,419,1,1.52,1.52,0.19,0,0.81,0,0.67,0,2.04,"aga","aga","R","no",0
"420",420,420,420,420,1,0.4,0,0.05,0,0.95,0,0.67,0,0.36,"cct","cct","P","no",0
"421",421,421,421,421,1,0,0,1,0,0,0,1,0,0,"tgc","tgc","C","yes",1
"422",422,422,422,422,1,0.92,0,0.03,0,0.97,0,0.67,0,0.82,"ttc","ttc","F","yes",0
"423",423,423,423,423,1,0,0,0.99,116.22,0.01,0.37,0.47,1,1.89,"tgg","tgg","W","no",1
"424",424,424,424,424,1,0,0,1,0,0,0,1,0,0,"gtt","gtt","V","no",1
"425",425,425,425,425,1,1.91,0,0.02,0,0.98,0,0.67,0,1.7,"gaa","gaa","E","yes",0
"426",426,426,426,426,1,0.79,0,0.01,0,0.99,0,0.67,0,0.7,"cta","cta","L","no",0
"427",427,427,427,427,1,0,0,0.01,0.16,0.99,0.86,0.35,1,0.36,"atc","atc","I","no",0
"428",428,428,428,428,1,0.57,0,0.03,0,0.97,0,0.67,0,0.51,"aga","aga","R","no",1
"429",429,429,429,429,1,1.43,0,0.1,0,0.9,0,0.67,0,1.27,"ggg","ggg","G","no",0
"430",430,430,430,430,1,1.95,1.95,0.29,0,0.71,0,0.67,0,3.06,"cga","cga","R","no",0
"431",431,431,431,431,1,1.91,0,0.01,0,0.99,0,0.67,0,1.7,"ccc","ccc","P","no",0
"432",432,432,432,432,1,1.07,0.7,0.62,0,0.38,0,0.67,0,1.95,"aaa","aaa","K","yes",1
"433",433,433,433,433,1,0.37,0,0.04,0,0.96,0,0.67,0,0.33,"gag","gag","E","yes",0
"434",434,434,434,434,1,0.64,0.25,1,0.21,0,0,0.67,0,1.16,"aac","aac","N","yes",0
"435",435,435,435,435,1,0,0,1,0,0,0,1,0,0,"aca","aca","T","no",1
"436",436,436,436,436,1,0,0,0.95,9.49,0.05,2.58,0.13,2,1.13,"atc","atc","I","no",0
"437",437,437,437,437,1,0,0,1,0,0,0,1,0,0,"tgg","tgg","W","no",1
"438",438,438,438,438,1,2.05,2.05,0.26,0,0.74,0,0.67,0,3.05,"act","act","T","no",0
"439",439,439,439,439,1,1.5,0,0.02,0,0.98,0,0.67,0,1.33,"agc","agc","S","no",0
"440",440,440,440,440,1,0.73,0,0.04,0,0.96,0,0.67,0,0.65,"ggg","ggg","G","no",0
"441",441,441,441,441,1,0.45,0,0.03,0,0.97,0,0.67,0,0.4,"agc","agc","S","no",0
"442",442,442,442,442,1,0,0,0.99,563.75,0.01,5.99,0.02,3,9.91,"agc","agc","S","no",1
"443",443,443,443,443,1,0.75,0,0.02,0,0.98,0,0.67,0,0.67,"ata","ata","I","no",1
"444",444,444,444,444,1,4.5,0,0.04,0,0.96,0,0.67,0,4,"tcc","tcc","S","no",0
"445",445,445,445,445,1,0.56,0,0.11,0,0.89,0,0.67,0,0.5,"ttt","ttt","F","yes",0
"446",446,446,446,446,1,1.3,0,0.02,0,0.98,0,0.67,0,1.15,"tgt","tgt","C","yes",1
"447",447,447,447,447,1,0.68,0,0.01,0,0.99,0,0.67,0,0.61,"ggt","ggt","G","no",1
"448",448,448,448,448,1,1.96,1.96,0.17,0,0.83,0,0.67,0,2.51,"gta","gta","V","no",0
"449",449,449,449,449,1,1.33,1.33,0.31,0,0.69,0,0.67,0,2.14,"aac","aac","N","yes",0
"450",450,450,450,450,1,0.72,0.72,0.52,0,0.48,0,0.67,0,1.52,"agt","agt","S","no",1
"451",451,451,451,451,1,2.66,1.83,0.29,0,0.71,0,0.67,0,3.61,"gac","gac","D","yes",0
"452",452,452,452,452,1,0.46,0,0.86,4.24,0.14,0.64,0.39,3,1.81,"act","act","T","no",1
"453",453,453,453,453,1,0.59,0.59,0.43,0.62,0.57,0,0.66,0,1.93,"gtg","gtg","V","no",1
"454",454,454,454,454,1,0.91,0.81,1,0.77,0,0,0.67,0,2.67,"ggt","ggt","G","no",0
"455",455,455,455,455,1,0,0,1,423.71,0,1.52,0.24,1,3.62,"tgg","tgg","W","no",1
"456",456,456,456,456,1,0.41,0,0.05,0,0.95,0,0.67,0,0.37,"tct","tct","S","no",0
"457",457,457,457,457,1,0,0,1,0,0,0,1,0,0,"tgg","tgg","W","no",1
"458",458,458,458,458,1,0.38,0,0.02,0,0.98,0,0.67,0,0.34,"cca","cca","P","no",1
"459",459,459,459,459,1,0.43,0,0.05,0,0.95,0,0.67,0,0.38,"gac","gac","D","yes",0
"460",460,460,460,460,1,0,0,1,0,0,0,1,0,0,"ggt","ggt","G","no",1
"461",461,461,461,461,1,0.83,0,0.08,0,0.92,0,0.67,0,0.74,"gct","gct","A","no",1
"462",462,462,462,462,1,0,0,0.98,37.44,0.02,3.34,0.09,2,1.37,"gag","gag","E","yes",0
"463",463,463,463,463,1,0.46,0,0.01,0,0.99,0,0.67,0,0.41,"ttg","ttg","L","no",1
"464",464,464,464,464,1,4.66,0,0.02,0,0.98,0,0.67,0,4.15,"cca","cca","P","no",1
