"","X.2","X.1","X","Site","Partition","X.alpha.","X.beta..sup....sup.","p.sup....sup.","X.beta..sup....sup..1","p.sup....sup..1","LRT","p.value","X..branches.under.selection","Total.branch.length","wtnt_codon","consensus_codon","consensus_AA","potential_CpG","makesCpG","last_nuc","graphit4"
"1",1,1,1,1,1,0,0,1,0,0,0,1,0,0,"atg","atg","M","no",1,"g","0"
"2",2,2,2,2,1,0.1,0.1,0,0.15,1,0.16,0.54,0,2.19,"gag","gag","E","no",0,"g","0"
"3",3,3,3,3,1,0.09,0,0.19,0,0.81,0,0.67,0,0.39,"gtt","gtt","V","no",0,"t","0"
"4",4,4,4,4,1,0.15,0,0.02,0,0.98,0,0.67,0,0.63,"ctg","ctg","L","no",1,"g","0"
"5",5,5,5,5,1,0.62,0.06,0.77,0.04,0.23,0,0.67,0,3.25,"ta-","ta-","X","no",0,"-","0"
"6",6,6,6,6,1,0.25,0,0.05,0,0.95,0,0.67,0,1.04,"tca","tca","S","no",1,"a","0"
"7",7,7,7,7,1,0.25,0,0.14,0,0.86,0,0.67,0,1.05,"ttg","ttg","L","no",1,"g","0"
"8",8,8,8,8,1,0,0,1,0,0,0,1,0,0,"tca","tca","S","no",1,"a","0"
"9",9,9,9,9,1,0,0,0.97,5.09,0.03,2.05,0.18,1,1.68,"aaa","aaa","K","yes",0,"a","1"
"10",10,10,10,10,1,0.16,0.16,0.21,0,0.79,0,0.67,0,1.06,"act","act","T","no",0,"t","0"
"11",11,11,11,11,1,0.52,0.52,0.18,0,0.82,0,0.67,0,3.22,"ctt","ctt","L","no",0,"t","0"
"12",12,12,12,12,1,0.72,0.72,0.17,0,0.83,0,0.67,0,4.37,"aaa","aaa","K","yes",0,"a","1"
"13",13,13,13,13,1,0.31,0.31,0.13,0,0.87,0,0.67,0,1.75,"gat","gat","D","yes",1,"t","4"
"14",14,14,14,14,1,0.89,0,0.26,0,0.74,0,0.67,0,3.69,"gct","gct","A","no",0,"t","0"
"15",15,15,15,15,1,0.45,0,0.01,0,0.99,0,0.67,0,1.87,"agg","agg","R","no",0,"g","0"
"16",16,16,16,16,1,0.6,0.6,0.08,0,0.92,0,0.67,0,3.04,"gac","gac","D","no",0,"c","0"
"17",17,17,17,17,1,2.33,2.33,0.04,0,0.96,0,0.67,0,10.72,"aaa","aaa","K","yes",1,"a","2"
"18",18,18,18,18,1,0.41,0.34,0.12,0,0.88,0,0.67,0,2.16,"att","att","I","no",1,"t","0"
"19",19,19,19,19,1,0.4,0.4,0.09,0,0.91,0,0.67,0,2.12,"gtt","gtt","V","no",1,"t","0"
"20",20,20,20,20,1,0.33,0,0.03,0,0.97,0,0.67,0,1.38,"gaa","gaa","E","yes",0,"a","1"
"21",21,21,21,21,1,0.37,0,0.11,0,0.89,0,0.67,0,1.56,"ggt","ggt","G","no",0,"t","0"
"22",22,22,22,22,1,1.17,0,0.17,0,0.83,0,0.67,0,4.88,"aca","aca","T","no",1,"a","0"
"23",23,23,23,23,1,0.39,0.39,0.16,0,0.84,0,0.67,0,2.33,"tta","tta","L","no",0,"a","0"
"24",24,24,24,24,1,0.63,0,0.05,0,0.95,0,0.67,0,2.63,"tat","tat","Y","yes",0,"t","3"
"25",25,25,25,25,1,0.83,0,0.15,0,0.85,0,0.67,0,3.44,"tct","tct","S","no",0,"t","0"
"26",26,26,26,26,1,1.37,0,0.17,0,0.83,0,0.67,0,5.69,"aat","aat","N","yes",1,"t","4"
"27",27,27,27,27,1,1.4,1.4,0.04,0,0.96,0,0.67,0,6.51,"gtt","gtt","V","no",0,"t","0"
"28",28,28,28,28,1,0.45,0.45,0.08,0,0.92,0,0.67,0,2.3,"agc","agc","S","no",0,"c","0"
"29",29,29,29,29,1,0.53,0.53,0.08,0,0.92,0,0.67,0,2.71,"gat","gat","D","yes",0,"t","3"
"30",30,30,30,30,1,0.65,0,0.01,0,0.99,0,0.67,0,2.72,"cta","cta","L","no",0,"a","0"
"31",31,31,31,31,1,0.15,0,0.04,0,0.96,0,0.67,0,0.61,"att","att","I","no",0,"t","0"
"32",32,32,32,32,1,2.28,0,0.26,0,0.74,0,0.67,0,9.5,"caa","caa","Q","yes",1,"a","2"
"33",33,33,33,33,1,0.22,0.22,0.56,0,0.44,0,0.67,0,2.33,"caa","caa","Q","yes",1,"a","2"
"34",34,34,34,34,1,1.6,0,0,0,1,0,0.67,0,6.65,"ttt","ttt","F","yes",0,"t","3"
"35",35,35,35,35,1,1.79,1.79,0.04,0,0.96,0,0.67,0,8.3,"aat","aat","N","yes",0,"t","3"
"36",36,36,36,36,1,1.05,0,0.19,0,0.81,0,0.67,0,4.39,"caa","caa","Q","yes",1,"a","2"
"37",37,37,37,37,1,2.86,2.86,0.02,0,0.98,0,0.67,0,12.59,"atg","atg","M","no",1,"g","0"
"38",38,38,38,38,1,0.14,0.14,0.37,0,0.63,0,0.67,0,1.23,"ata","ata","I","no",0,"a","0"
"39",39,39,39,39,1,0.63,0.07,0.26,0.06,0.74,0,0.67,0,3.35,"gta","gta","V","no",0,"a","0"
"40",40,40,40,40,1,0.98,0,0.19,0,0.81,0,0.67,0,4.09,"act","act","T","no",0,"t","0"
"41",41,41,41,41,1,0,0,1,0,0,0,1,0,0,"atg","atg","M","no",1,"g","0"
"42",42,42,42,42,1,0.37,0,0.02,0,0.98,0,0.67,0,1.55,"aat","aat","N","yes",1,"t","4"
"43",43,43,43,43,1,0.65,0,0.22,0,0.78,0,0.67,0,2.72,"gga","gga","G","no",0,"a","0"
"44",44,44,44,44,1,0.23,0,0.01,0,0.99,0,0.67,0,0.96,"aat","aat","N","yes",1,"t","4"
"45",45,45,45,45,1,1.34,0.16,0.28,0.03,0.72,0,0.67,0,6.36,"gac","gac","D","no",0,"c","0"
"46",46,46,46,46,1,0.51,0,0.11,0,0.89,0,0.67,0,2.14,"ttt","ttt","F","yes",0,"t","3"
"47",47,47,47,47,1,2.94,2.94,0.04,0,0.96,0,0.67,0,13.68,"caa","caa","Q","yes",1,"a","2"
"48",48,48,48,48,1,0.4,0.4,0.09,0,0.91,0,0.67,0,2.1,"act","act","T","no",1,"t","0"
"49",49,49,49,49,1,0,0,1,0,0,0,1,0,0,"gga","gga","G","no",0,"a","0"
"50",50,50,50,50,1,0,0,1,0,0,0,1,0,0,"gga","gga","G","no",0,"a","0"
"51",51,51,51,51,1,0.46,0,0.02,0,0.98,0,0.67,0,1.93,"att","att","I","no",1,"t","0"
"52",52,52,52,52,1,1.31,0,0.18,0,0.82,0,0.67,0,5.46,"ggt","ggt","G","no",0,"t","0"
"53",53,53,53,53,1,1.12,0,0.24,0,0.76,0,0.67,0,4.69,"aat","aat","N","yes",0,"t","3"
"54",54,54,54,54,1,0.64,0,0.02,0,0.98,0,0.67,0,2.66,"tta","tta","L","no",0,"a","0"
"55",55,55,55,55,1,1.98,1.98,0.06,0,0.94,0,0.67,0,9.66,"cct","cct","P","no",0,"t","0"
"56",56,56,56,56,1,0.87,0.87,0.37,0,0.63,0,0.67,0,7.35,"att","att","I","no",0,"t","0"
"57",57,57,57,57,1,0.45,0,0.04,0,0.96,0,0.67,0,1.87,"aga","aga","R","no",0,"a","0"
"58",58,58,58,58,1,2.56,0,0.17,0,0.83,0,0.67,0,10.66,"aat","aat","N","yes",0,"t","3"
"59",59,59,59,59,1,0,0,1,0,0,0,1,0,0,"tgg","tgg","W","no",1,"g","0"
"60",60,60,60,60,1,0.63,0.13,0.7,0.04,0.3,0,0.67,0,3.85,"act","act","T","no",0,"t","0"
"61",61,61,61,61,1,1.24,0,0.09,0,0.91,0,0.67,0,5.17,"ttt","ttt","F","yes",1,"t","4"
"62",62,62,62,62,1,0.57,0,0.05,0,0.95,0,0.67,0,2.39,"gat","gat","D","yes",0,"t","3"
"63",63,63,63,63,1,0.23,0,0.03,0,0.97,0,0.67,0,0.94,"ttt","ttt","F","yes",1,"t","4"
"64",64,64,64,64,1,0.9,0,0.19,0,0.81,0,0.67,0,3.75,"ggt","ggt","G","no",0,"t","0"
"65",65,65,65,65,1,0.86,0,0.05,0,0.95,0,0.67,0,3.56,"cta","cta","L","no",0,"a","0"
"66",66,66,66,66,1,1.02,0,0.01,0,0.99,0,0.67,0,4.24,"cta","cta","L","no",0,"a","0"
"67",67,67,67,67,1,0.79,0,0.26,0,0.74,0,0.67,0,3.31,"ggt","ggt","G","no",0,"t","0"
"68",68,68,68,68,1,1.15,0,0.11,0,0.89,0,0.67,0,4.79,"act","act","T","no",0,"t","0"
"69",69,69,69,69,1,0.96,0,0.19,0,0.81,0,0.67,0,4.01,"acg","acg","T","no",0,"g","0"
"70",70,70,70,70,1,1.46,0,0.14,0,0.86,0,0.67,0,6.07,"ctt","ctt","L","no",0,"t","0"
"71",71,71,71,71,1,0.61,0,0.11,0,0.89,0,0.67,0,2.55,"tta","tta","L","no",0,"a","0"
"72",72,72,72,72,1,2.01,0,0.28,0,0.72,0,0.67,0,8.38,"aat","aat","N","yes",0,"t","3"
"73",73,73,73,73,1,1.12,0,0.01,0,0.99,0,0.67,0,4.66,"tta","tta","L","no",0,"a","0"
"74",74,74,74,74,1,0.69,0,0.15,0,0.85,0,0.67,0,2.89,"gat","gat","D","yes",1,"t","4"
"75",75,75,75,75,1,1.91,1.91,0.06,0,0.94,0,0.67,0,9.34,"gct","gct","A","no",0,"t","0"
"76",76,76,76,76,1,1.04,0,0.26,0,0.74,0,0.67,0,4.33,"aat","aat","N","yes",0,"t","3"
"77",77,77,77,77,1,1.83,0,0.26,0,0.74,0,0.67,0,7.61,"tat","tat","Y","yes",1,"t","4"
"78",78,78,78,78,1,0.89,0,0.26,0,0.74,0,0.67,0,3.71,"gtt","gtt","V","no",1,"t","0"
"79",79,79,79,79,1,0.17,0,0.02,0,0.98,0,0.67,0,0.69,"gag","gag","E","no",0,"g","0"
"80",80,80,80,80,1,1.7,1.7,0.02,0.05,0.98,0,0.67,0,7.94,"act","act","T","no",1,"t","0"
"81",81,81,81,81,1,1.59,0,0.18,0,0.82,0,0.67,0,6.63,"gcc","gcc","A","no",0,"c","0"
"82",82,82,82,82,1,1.76,0,0.13,0,0.87,0,0.67,0,7.34,"aga","aga","R","no",1,"a","0"
"83",83,83,83,83,1,0.7,0.04,0.21,0.02,0.79,0,0.67,0,3.27,"act","act","T","no",0,"t","0"
"84",84,84,84,84,1,2.15,0,0.1,0,0.9,0,0.67,0,8.95,"aca","aca","T","no",1,"a","0"
"85",85,85,85,85,1,0.29,0,0.02,0,0.98,0,0.67,0,1.22,"att","att","I","no",1,"t","0"
"86",86,86,86,86,1,0.66,0.08,0.34,0.06,0.66,0,0.67,0,3.51,"gag","gag","E","no",0,"g","0"
"87",87,87,87,87,1,0.18,0,0.05,0,0.95,0,0.67,0,0.76,"tat","tat","Y","yes",0,"t","3"
"88",88,88,88,88,1,1.19,0,0.25,0,0.75,0,0.67,0,4.95,"ttt","ttt","F","yes",0,"t","3"
"89",89,89,89,89,1,1.21,0.08,0.61,0.04,0.39,0,0.67,0,5.81,"att","att","I","no",1,"t","0"
"90",90,90,90,90,1,2.83,0,0.07,0,0.93,0,0.67,0,11.78,"gat","gat","D","yes",0,"t","3"
"91",91,91,91,91,1,0.82,0,0.15,0,0.85,0,0.67,0,3.4,"ttt","ttt","F","yes",0,"t","3"
"92",92,92,92,92,1,1.54,0.03,0.22,0.03,0.78,0,0.67,0,6.77,"att","att","I","no",1,"t","0"
"93",93,93,93,93,1,1.14,0,0.09,0,0.91,0,0.67,0,4.74,"gat","gat","D","yes",0,"t","3"
"94",94,94,94,94,1,0.89,0,0.26,0,0.74,0,0.67,0,3.73,"aat","aat","N","yes",1,"t","4"
"95",95,95,95,95,1,0.49,0,0.04,0,0.96,0,0.67,0,2.02,"gta","gta","V","no",0,"a","0"
"96",96,96,96,96,1,1.61,0,0.05,0,0.95,0,0.67,0,6.7,"tgt","tgt","C","yes",1,"t","4"
"97",97,97,97,97,1,0,0,1,0,0,0,1,0,0,"atg","atg","M","no",1,"g","0"
"98",98,98,98,98,1,0.26,0,0.01,0,0.99,0,0.67,0,1.1,"gat","gat","D","yes",1,"t","4"
"99",99,99,99,99,1,0.35,0,0.02,0,0.98,0,0.67,0,1.44,"gaa","gaa","E","yes",0,"a","1"
"100",100,100,100,100,1,0.02,0.02,1,0.02,0,0,0.67,0,0.28,"atg","atg","M","no",1,"g","0"
"101",101,101,101,101,1,1.1,0.09,0.2,0.05,0.8,0,0.67,0,5.23,"gca","gca","A","no",1,"a","0"
"102",102,102,102,102,1,0.13,0,0.02,0,0.98,0,0.67,0,0.52,"aga","aga","R","no",0,"a","0"
"103",103,103,103,103,1,0.66,0,0.02,0,0.98,0,0.67,0,2.74,"gag","gag","E","no",0,"g","0"
"104",104,104,104,104,1,1.16,0,0.25,0,0.75,0,0.67,0,4.84,"tct","tct","S","no",0,"t","0"
"105",105,105,105,105,1,0.51,0,0.04,0,0.96,0,0.67,0,2.14,"caa","caa","Q","yes",1,"a","2"
"106",106,106,106,106,1,0.29,0,0.04,0,0.96,0,0.67,0,1.19,"aga","aga","R","no",0,"a","0"
"107",107,107,107,107,1,0.58,0,0.04,0,0.96,0,0.67,0,2.4,"aat","aat","N","yes",1,"t","4"
"108",108,108,108,108,1,0.11,0,0.11,0,0.89,0,0.67,0,0.47,"gga","gga","G","no",0,"a","0"
"109",109,109,109,109,1,0.46,0.46,0.09,0,0.91,0,0.67,0,2.39,"gta","gta","V","no",0,"a","0"
"110",110,110,110,110,1,0.66,0.66,0.06,0,0.94,0,0.67,0,3.25,"gct","gct","A","no",0,"t","0"
"111",111,111,111,111,1,0.69,0,0.13,0,0.87,0,0.67,0,2.87,"cca","cca","P","no",1,"a","0"
"112",112,112,112,112,1,1.01,0,0.34,0,0.66,0,0.67,0,4.21,"caa","caa","Q","yes",1,"a","2"
"113",113,113,113,113,1,1.09,0,0.11,0,0.89,0,0.67,0,4.54,"tct","tct","S","no",1,"t","0"
"114",114,114,114,114,1,1.76,0.38,0.11,0,0.89,0,0.67,0,7.82,"gag","gag","E","no",0,"g","0"
"115",115,115,115,115,1,1.94,1.94,0.04,0.02,0.96,0,0.67,0,9.27,"gca","gca","A","no",1,"a","0"
"116",116,116,116,116,1,1.07,0,0.02,0,0.98,0,0.67,0,4.45,"ttg","ttg","L","no",1,"g","0"
"117",117,117,117,117,1,1.1,1.1,0.05,0,0.95,0,0.67,0,5.17,"aga","aga","R","no",0,"a","0"
"118",118,118,118,118,1,1.92,0,0.19,0,0.81,0,0.67,0,7.99,"aaa","aaa","K","yes",0,"a","1"
"119",119,119,119,119,1,0.79,0,0.02,0,0.98,0,0.67,0,3.28,"tta","tta","L","no",0,"a","0"
"120",120,120,120,120,1,1.25,0.23,0.15,0.03,0.85,0,0.67,0,5.93,"gca","gca","A","no",1,"a","0"
"121",121,121,121,121,1,1.77,0,0.25,0,0.75,0,0.67,0,7.36,"ggt","ggt","G","no",0,"t","0"
"122",122,122,122,122,1,0.41,0,0.02,0,0.98,0,0.67,0,1.73,"att","att","I","no",0,"t","0"
"123",123,123,123,123,1,1.25,0,0.4,0,0.6,0,0.67,0,5.23,"aaa","aaa","K","yes",0,"a","1"
"124",124,124,124,124,1,1.56,0,0.05,0,0.95,0,0.67,0,6.48,"ttt","ttt","F","yes",0,"t","3"
"125",125,125,125,125,1,0.92,0,0.09,0,0.91,0,0.67,0,3.84,"aaa","aaa","K","yes",0,"a","1"
"126",126,126,126,126,1,0.14,0.14,0.21,0,0.79,0,0.67,0,0.96,"aga","aga","R","no",0,"a","0"
"127",127,127,127,127,1,1.1,0,0.18,0,0.82,0,0.67,0,4.58,"ata","ata","I","no",0,"a","0"
"128",128,128,128,128,1,0.86,0,0.2,0,0.8,0,0.67,0,3.59,"aat","aat","N","yes",0,"t","3"
"129",129,129,129,129,1,1.39,0,0.02,0,0.98,0,0.67,0,5.79,"ttt","ttt","F","yes",1,"t","4"
"130",130,130,130,130,1,3.26,0.51,0.18,0,0.82,0,0.67,0,14.6,"gat","gat","D","yes",0,"t","3"
"131",131,131,131,131,1,0.37,0,0.02,0,0.98,0,0.67,0,1.54,"aat","aat","N","yes",0,"t","3"
"132",132,132,132,132,1,1.81,0,0.18,0,0.82,0,0.67,0,7.54,"tca","tca","S","no",1,"a","0"
"133",133,133,133,133,1,1.92,0,0.26,0,0.74,0,0.67,0,8,"tca","tca","S","no",1,"a","0"
"134",134,134,134,134,1,0.89,0.03,0,0.03,1,0,0.67,0,4.1,"gaa","gaa","E","yes",0,"a","1"
"135",135,135,135,135,1,1.42,0,0.13,0,0.87,0,0.67,0,5.92,"tat","tat","Y","yes",0,"t","3"
"136",136,136,136,136,1,2.96,0,0.01,0,0.99,0,0.67,0,12.32,"ata","ata","I","no",0,"a","0"
"137",137,137,137,137,1,1.21,1.21,0.05,0,0.95,0,0.67,0,5.77,"gaa","gaa","E","yes",0,"a","1"
"138",138,138,138,138,1,0.79,0,0.15,0,0.85,0,0.67,0,3.3,"aat","aat","N","yes",0,"t","3"
"139",139,139,139,139,1,0,0,1,0,0,0,1,0,0,"tgg","tgg","W","no",1,"g","0"
"140",140,140,140,140,1,1.43,0,0.1,0,0.9,0,0.67,0,5.97,"aat","aat","N","yes",0,"t","3"
"141",141,141,141,141,1,1.93,0,0,0,1,0,0.67,0,8.04,"tta","tta","L","no",0,"a","0"
"142",142,142,142,142,1,0.57,0,0.05,0,0.95,0,0.67,0,2.38,"caa","caa","Q","yes",1,"a","2"
"143",143,143,143,143,1,1.78,0.03,1,0.03,0,0,0.67,0,7.79,"aat","aat","N","yes",0,"t","3"
"144",144,144,144,144,1,1.15,0,0.1,0,0.9,0,0.67,0,4.78,"aga","aga","R","no",0,"a","0"
"145",145,145,145,145,1,0.65,0,0.22,0,0.78,0,0.67,0,2.7,"aga","aga","R","no",0,"a","0"
"146",146,146,146,146,1,1.01,1.01,0.09,0,0.91,0,0.67,0,5.22,"caa","caa","Q","yes",1,"a","2"
"147",147,147,147,147,1,1.83,0,0.1,0,0.9,0,0.67,0,7.64,"cgt","cgt","R","no",0,"t","0"
"148",148,148,148,148,1,1.43,0,0.26,0,0.74,0,0.67,0,5.94,"act","act","T","no",1,"t","0"
"149",149,149,149,149,1,0.51,0,0.05,0,0.95,0,0.67,0,2.12,"gga","gga","G","no",0,"a","0"
"150",150,150,150,150,1,2.08,0,0.05,0,0.95,0,0.67,0,8.65,"ttt","ttt","F","yes",1,"t","4"
"151",151,151,151,151,1,1.63,0.82,0.3,0,0.7,0,0.67,0,9.67,"gtt","gtt","V","no",0,"t","0"
"152",152,152,152,152,1,2.11,0,0.45,0,0.55,0,0.67,0,8.81,"ttt","ttt","F","yes",0,"t","3"
"153",153,153,153,153,1,1.72,0,0.02,0,0.98,0,0.67,0,7.17,"cat","cat","H","yes",1,"t","4"
"154",154,154,154,154,1,0.9,0,0.14,0,0.86,0,0.67,0,3.77,"aaa","aaa","K","yes",0,"a","1"
"155",155,155,155,155,1,1.48,0,0.07,0,0.93,0,0.67,0,6.15,"cct","cct","P","no",0,"t","0"
"156",156,156,156,156,1,1.01,0,0.19,0,0.81,0,0.67,0,4.2,"aat","aat","N","yes",0,"t","3"
"157",157,157,157,157,1,1.13,0,0.17,0,0.83,0,0.67,0,4.72,"ata","ata","I","no",0,"a","0"
"158",158,158,158,158,1,0.95,0.03,0.82,0.03,0.18,0,0.67,0,4.32,"ttt","ttt","F","yes",0,"t","3"
"159",159,159,159,159,1,0.43,0,0.02,0,0.98,0,0.67,0,1.81,"cca","cca","P","no",1,"a","0"
"160",160,160,160,160,1,0.63,0,0.05,0,0.95,0,0.67,0,2.62,"tac","tac","Y","no",0,"c","0"
"161",161,161,161,161,1,0.11,0,0.11,0,0.89,0,0.67,0,0.47,"tca","tca","S","no",1,"a","0"
"162",162,162,162,162,1,1.71,0.55,0.07,0,0.93,0,0.67,0,7.6,"gca","gca","A","no",1,"a","0"
"163",163,163,163,163,1,0.48,0,0.05,0,0.95,0,0.67,0,1.99,"tca","tca","S","no",1,"a","0"
"164",164,164,164,164,1,1.2,0,0.18,0,0.82,0,0.67,0,5.01,"ttt","ttt","F","yes",0,"t","3"
"165",165,165,165,165,1,0.92,0,0.12,0,0.88,0,0.67,0,3.82,"act","act","T","no",0,"t","0"
"166",166,166,166,166,1,1.49,0,0.05,0,0.95,0,0.67,0,6.2,"tta","tta","L","no",0,"a","0"
"167",167,167,167,167,1,1.21,1.21,0.05,0,0.95,0,0.67,0,5.77,"aat","aat","N","yes",0,"t","3"
"168",168,168,168,168,1,1.65,0,0.18,0,0.82,0,0.67,0,6.86,"aga","aga","R","no",0,"a","0"
"169",169,169,169,169,1,1.1,0,0.1,0,0.9,0,0.67,0,4.59,"tct","tct","S","no",0,"t","0"
"170",170,170,170,170,1,0.25,0,0.11,0,0.89,0,0.67,0,1.03,"caa","caa","Q","yes",1,"a","2"
"171",171,171,171,171,1,0.65,0,0.13,0,0.87,0,0.67,0,2.7,"cca","cca","P","no",1,"a","0"
"172",172,172,172,172,1,1.24,1.24,0.11,0,0.89,0,0.67,0,6.77,"atg","atg","M","no",1,"g","0"
"173",173,173,173,173,1,0.23,0,0.01,0,0.99,0,0.67,0,0.95,"cat","cat","H","yes",1,"t","4"
"174",174,174,174,174,1,1.23,0,0.25,0,0.75,0,0.67,0,5.13,"gat","gat","D","yes",0,"t","3"
"175",175,175,175,175,1,1.33,0,0.17,0,0.83,0,0.67,0,5.53,"aat","aat","N","yes",0,"t","3"
"176",176,176,176,176,1,1.23,0,0.01,0,0.99,0,0.67,0,5.12,"tta","tta","L","no",0,"a","0"
"177",177,177,177,177,1,0,0,1,0,0,0,1,0,0,"atg","atg","M","no",1,"g","0"
"178",178,178,178,178,1,0.16,0,0.01,0,0.99,0,0.67,0,0.66,"gga","gga","G","no",0,"a","0"
"179",179,179,179,179,1,1.46,0,0.19,0,0.81,0,0.67,0,6.1,"acc","acc","T","no",0,"c","0"
"180",180,180,180,180,1,0,0,1,0,0,0,1,0,0,"atg","atg","M","no",1,"g","0"
"181",181,181,181,181,1,0,0,1,0,0,0,1,0,0,"tgg","tgg","W","no",1,"g","0"
"182",182,182,182,182,1,1.12,0.03,0.5,0.03,0.5,0,0.67,0,5.08,"ctt","ctt","L","no",0,"t","0"
"183",183,183,183,183,1,1.83,1.83,0.04,0,0.96,0,0.67,0,8.49,"aat","aat","N","yes",1,"t","4"
"184",184,184,184,184,1,0.84,0,0.19,0,0.81,0,0.67,0,3.5,"gct","gct","A","no",1,"t","0"
"185",185,185,185,185,1,0.6,0,0.15,0,0.85,0,0.67,0,2.48,"gga","gga","G","no",0,"a","0"
"186",186,186,186,186,1,0.52,0,0.05,0,0.95,0,0.67,0,2.18,"tca","tca","S","no",1,"a","0"
"187",187,187,187,187,1,0.78,0,0.19,0,0.81,0,0.67,0,3.23,"gaa","gaa","E","yes",0,"a","1"
"188",188,188,188,188,1,0.73,0,0.2,0,0.8,0,0.67,0,3.05,"att","att","I","no",0,"t","0"
"189",189,189,189,189,1,0.52,0,0.02,0,0.98,0,0.67,0,2.16,"caa","caa","Q","yes",1,"a","2"
"190",190,190,190,190,1,1.42,0,0.15,0,0.85,0,0.67,0,5.93,"gtg","gtg","V","no",1,"g","0"
"191",191,191,191,191,1,0.8,0,0.26,0,0.74,0,0.67,0,3.33,"gct","gct","A","no",1,"t","0"
"192",192,192,192,192,1,0.27,0,0.04,0,0.96,0,0.67,0,1.13,"gga","gga","G","no",0,"a","0"
"193",193,193,193,193,1,1.53,0,0.1,0,0.9,0,0.67,0,6.38,"ttt","ttt","F","yes",1,"t","4"
"194",194,194,194,194,1,1.13,0,0.19,0,0.81,0,0.67,0,4.69,"gac","gac","D","no",0,"c","0"
"195",195,195,195,195,1,1.66,0,0.19,0,0.81,0,0.67,0,6.9,"tat","tat","Y","yes",0,"t","3"
"196",196,196,196,196,1,1.64,0,0.19,0,0.81,0,0.67,0,6.83,"tcg","tcg","S","no",0,"g","0"
"197",197,197,197,197,1,1.93,0,0.09,0,0.91,0,0.67,0,8.05,"tgt","tgt","C","yes",1,"t","4"
"198",198,198,198,198,1,2.25,0,0.06,0,0.94,0,0.67,0,9.36,"gct","gct","A","no",0,"t","0"
"199",199,199,199,199,1,1.13,0.11,0.22,0.11,0.78,0,0.67,0,6,"ata","ata","I","no",0,"a","0"
"200",200,200,200,200,1,2.23,0,0.07,0,0.93,0,0.67,0,9.27,"aat","aat","N","yes",1,"t","4"
"201",201,201,201,201,1,1.24,0,0.11,0,0.89,0,0.67,0,5.15,"gct","gct","A","no",0,"t","0"
"202",202,202,202,202,1,0.22,0,0.02,0,0.98,0,0.67,0,0.93,"cca","cca","P","no",1,"a","0"
"203",203,203,203,203,1,2.38,0,0.1,0,0.9,0,0.67,0,9.9,"gca","gca","A","no",1,"a","0"
"204",204,204,204,204,1,1.64,0,0.25,0,0.75,0,0.67,0,6.84,"aat","aat","N","yes",0,"t","3"
"205",205,205,205,205,1,1.65,0.99,0.1,0,0.9,0,0.67,0,8.06,"ata","ata","I","no",0,"a","0"
"206",206,206,206,206,1,2.25,0,0.07,0,0.93,0,0.67,0,9.38,"cag","cag","Q","no",1,"g","0"
"207",207,207,207,207,1,0.79,0,0.04,0,0.96,0,0.67,0,3.28,"caa","caa","Q","yes",1,"a","2"
"208",208,208,208,208,1,1.33,0,0.09,0,0.91,0,0.67,0,5.56,"ttt","ttt","F","yes",1,"t","4"
"209",209,209,209,209,1,1.18,0,0.2,0,0.8,0,0.67,0,4.92,"gaa","gaa","E","yes",0,"a","1"
"210",210,210,210,210,1,1.35,0,0.18,0,0.82,0,0.67,0,5.61,"cat","cat","H","yes",1,"t","4"
"211",211,211,211,211,1,1.58,0.06,1,0.05,0,0,0.67,0,7.25,"att","att","I","no",1,"t","0"
"212",212,212,212,212,1,1.12,0,0.2,0,0.8,0,0.67,0,4.68,"gtc","gtc","V","no",0,"c","0"
"213",213,213,213,213,1,1.03,0.06,0.47,0.05,0.53,0,0.67,0,4.94,"cag","cag","Q","no",1,"g","0"
"214",214,214,214,214,1,1.46,0,0.21,0,0.79,0,0.67,0,6.08,"ctc","ctc","L","no",0,"c","0"
"215",215,215,215,215,1,1.62,0,0.15,0,0.85,0,0.67,0,6.75,"aga","aga","R","no",1,"a","0"
"216",216,216,216,216,1,2.13,0,0.18,0,0.82,0,0.67,0,8.88,"cgt","cgt","R","no",1,"t","0"
"217",217,217,217,217,1,1.43,0.03,0.6,0.03,0.4,0,0.67,0,6.26,"gcg","gcg","A","no",0,"g","0"
"218",218,218,218,218,1,1.71,0,0.02,0,0.98,0,0.67,0,7.14,"tta","tta","L","no",0,"a","0"
"219",219,219,219,219,1,1.04,0,0.18,0,0.82,0,0.67,0,4.34,"act","act","T","no",0,"t","0"
"220",220,220,220,220,1,0.49,0,0.11,0,0.89,0,0.67,0,2.06,"aca","aca","T","no",1,"a","0"
"221",221,221,221,221,1,0.53,0,0.02,0,0.98,0,0.67,0,2.21,"gct","gct","A","no",0,"t","0"
"222",222,222,222,222,1,0.95,0,0.19,0,0.81,0,0.67,0,3.95,"act","act","T","no",0,"t","0"
"223",223,223,223,223,1,1.1,0,0.18,0,0.82,0,0.67,0,4.58,"ata","ata","I","no",0,"a","0"
"224",224,224,224,224,1,0.55,0,0.01,0,0.99,0,0.67,0,2.3,"act","act","T","no",0,"t","0"
"225",225,225,225,225,1,1.26,0,0.01,0,0.99,0,0.67,0,5.26,"ttg","ttg","L","no",1,"g","0"
"226",226,226,226,226,1,0.87,0,0.01,0,0.99,0,0.67,0,3.64,"tta","tta","L","no",0,"a","0"
"227",227,227,227,227,1,1.74,0,0.17,0,0.83,0,0.67,0,7.23,"cct","cct","P","no",1,"t","0"
"228",228,228,228,228,1,0.23,0,0.02,0,0.98,0,0.67,0,0.97,"gat","gat","D","yes",1,"t","4"
"229",229,229,229,229,1,1.14,0,0.1,0,0.9,0,0.67,0,4.77,"gca","gca","A","no",1,"a","0"
"230",230,230,230,230,1,1.49,0,0.1,0,0.9,0,0.67,0,6.19,"gaa","gaa","E","yes",0,"a","1"
"231",231,231,231,231,1,1.05,0,0.17,0,0.83,0,0.67,0,4.37,"aga","aga","R","no",0,"a","0"
"232",232,232,232,232,1,1.84,0,0.17,0,0.83,0,0.67,0,7.67,"ttt","ttt","F","yes",0,"t","3"
"233",233,233,233,233,1,0.23,0,0.02,0,0.98,0,0.67,0,0.94,"agt","agt","S","no",0,"t","0"
"234",234,234,234,234,1,1.02,0,0.25,0,0.75,0,0.67,0,4.26,"ttt","ttt","F","yes",0,"t","3"
"235",235,235,235,235,1,0.43,0,0.04,0,0.96,0,0.67,0,1.81,"cca","cca","P","no",1,"a","0"
"236",236,236,236,236,1,0.13,0,0.01,0,0.99,0,0.67,0,0.52,"aga","aga","R","no",0,"a","0"
"237",237,237,237,237,1,1.25,0,0.12,0,0.88,0,0.67,0,5.21,"gtt","gtt","V","no",0,"t","0"
"238",238,238,238,238,1,0.93,0.03,0.32,0.03,0.68,0,0.67,0,4.2,"att","att","I","no",0,"t","0"
"239",239,239,239,239,1,1.35,0,0.34,0,0.66,0,0.67,0,5.61,"aat","aat","N","yes",0,"t","3"
"240",240,240,240,240,1,0.56,0,0.01,0,0.99,0,0.67,0,2.35,"tca","tca","S","no",1,"a","0"
"241",241,241,241,241,1,2.99,0,0.18,0,0.82,0,0.67,0,12.44,"gct","gct","A","no",1,"t","0"
"242",242,242,242,242,1,0.87,0,0.13,0,0.87,0,0.67,0,3.61,"gat","gat","D","yes",1,"t","4"
"243",243,243,243,243,1,0.7,0,0.15,0,0.85,0,0.67,0,2.91,"ggc","ggc","G","no",0,"c","0"
"244",244,244,244,244,1,2.19,0.02,0.13,0.02,0.87,0,0.67,0,9.4,"gca","gca","A","no",1,"a","0"
"245",245,245,245,245,1,1.28,0,0.18,0,0.82,0,0.67,0,5.35,"act","act","T","no",0,"t","0"
"246",246,246,246,246,1,0.11,0,0.05,0,0.95,0,0.67,0,0.46,"aca","aca","T","no",1,"a","0"
"247",247,247,247,247,1,0,0,1,0,0,0,1,0,0,"tgg","tgg","W","no",1,"g","0"
"248",248,248,248,248,1,0.68,0.48,0.21,0,0.79,0,0.67,0,4.03,"ttc","ttc","F","no",0,"c","0"
"249",249,249,249,249,1,1.03,0,0.18,0,0.82,0,0.67,0,4.3,"ttt","ttt","F","yes",0,"t","3"
"250",250,250,250,250,1,2.78,0,0.17,0,0.83,0,0.67,0,11.58,"aat","aat","N","yes",0,"t","3"
"251",251,251,251,251,1,0.75,0,0.1,0,0.9,0,0.67,0,3.13,"cca","cca","P","no",1,"a","0"
"252",252,252,252,252,1,1.78,1.78,0.04,0,0.96,0,0.67,0,8.17,"gta","gta","V","no",0,"a","0"
"253",253,253,253,253,1,1.09,0.06,1,0.05,0,0,0.67,0,5.25,"att","att","I","no",0,"t","0"
"254",254,254,254,254,1,1.23,0,0.02,0,0.98,0,0.67,0,5.11,"cta","cta","L","no",0,"a","0"
"255",255,255,255,255,1,0.12,0,0.02,0,0.98,0,0.67,0,0.52,"aga","aga","R","no",0,"a","0"
"256",256,256,256,256,1,0.71,0,0.2,0,0.8,0,0.67,0,2.97,"cca","cca","P","no",1,"a","0"
"257",257,257,257,257,1,3.17,0.03,0.25,0.03,0.75,0,0.67,0,13.59,"aac","aac","N","no",0,"c","0"
"258",258,258,258,258,1,1.77,0,0.14,0,0.86,0,0.67,0,7.39,"aat","aat","N","yes",1,"t","4"
"259",259,259,259,259,1,1.16,0,0.25,0,0.75,0,0.67,0,4.85,"gta","gta","V","no",0,"a","0"
"260",260,260,260,260,1,1.24,0,0.18,0,0.82,0,0.67,0,5.16,"gaa","gaa","E","yes",0,"a","1"
"261",261,261,261,261,1,1.06,1.06,0.05,0,0.95,0,0.67,0,5.04,"gta","gta","V","no",0,"a","0"
"262",262,262,262,262,1,0.86,0,0.2,0,0.8,0,0.67,0,3.6,"gaa","gaa","E","yes",0,"a","1"
"263",263,263,263,263,1,1.57,0,0.11,0,0.89,0,0.67,0,6.55,"ttt","ttt","F","yes",0,"t","3"
"264",264,264,264,264,1,1.14,0,0.02,0,0.98,0,0.67,0,4.73,"tta","tta","L","no",0,"a","0"
"265",265,265,265,265,1,0.76,0,0.04,0,0.96,0,0.67,0,3.18,"ctg","ctg","L","no",1,"g","0"
"266",266,266,266,266,1,1.66,0,0.1,0,0.9,0,0.67,0,6.92,"aat","aat","N","yes",1,"t","4"
"267",267,267,267,267,1,0.75,0,0.1,0,0.9,0,0.67,0,3.14,"gga","gga","G","no",0,"a","0"
"268",268,268,268,268,1,0.56,0,0.04,0,0.96,0,0.67,0,2.33,"caa","caa","Q","yes",1,"a","2"
"269",269,269,269,269,1,2.14,0,0.17,0,0.83,0,0.67,0,8.92,"att","att","I","no",0,"t","0"
"270",270,270,270,270,1,1.92,0,0.09,0,0.91,0,0.67,0,8,"att","att","I","no",0,"t","0"
"271",271,271,271,271,1,2.18,0,0.05,0,0.95,0,0.67,0,9.07,"aat","aat","N","yes",0,"t","3"
"272",272,272,272,272,1,1.07,0,0.18,0,0.82,0,0.67,0,4.47,"aca","aca","T","no",1,"a","0"
"273",273,273,273,273,1,0.71,0,0.02,0,0.98,0,0.67,0,2.96,"tat","tat","Y","yes",0,"t","3"
"274",274,274,274,274,1,1.8,0,0.07,0,0.93,0,0.67,0,7.48,"caa","caa","Q","yes",1,"a","2"
"275",275,275,275,275,1,1.75,0,0.1,0,0.9,0,0.67,0,7.31,"gct","gct","A","no",0,"t","0"
"276",276,276,276,276,1,0.3,0,0.04,0,0.96,0,0.67,0,1.26,"aga","aga","R","no",0,"a","0"
"277",277,277,277,277,1,1.01,0,0.18,0,0.82,0,0.67,0,4.2,"ttt","ttt","F","yes",1,"t","4"
"278",278,278,278,278,1,1.96,0,0.07,0,0.93,0,0.67,0,8.18,"ggc","ggc","G","no",0,"c","0"
"279",279,279,279,279,1,1.34,0,0.18,0,0.82,0,0.67,0,5.6,"act","act","T","no",1,"t","0"
"280",280,280,280,280,1,1.08,0,0.2,0,0.8,0,0.67,0,4.51,"att","att","I","no",1,"t","0"
"281",281,281,281,281,1,1.38,0.64,0.61,0,0.39,0,0.67,0,10.31,"gtc","gtc","V","no",0,"c","0"
"282",282,282,282,282,1,0.91,0,0.26,0,0.74,0,0.67,0,3.78,"gca","gca","A","no",1,"a","0"
"283",283,283,283,283,1,0.47,0,0.02,0,0.98,0,0.67,0,1.95,"aga","aga","R","no",0,"a","0"
"284",284,284,284,284,1,2.55,0,0.1,0,0.9,0,0.67,0,10.61,"aat","aat","N","yes",0,"t","3"
"285",285,285,285,285,1,0.8,0,0.1,0,0.9,0,0.67,0,3.34,"ttt","ttt","F","yes",1,"t","4"
"286",286,286,286,286,1,1.17,0,0.24,0,0.76,0,0.67,0,4.89,"gat","gat","D","yes",0,"t","3"
"287",287,287,287,287,1,6.39,0,0.13,0,0.87,0,0.67,0,26.64,"aca","aca","T","no",1,"a","0"
"288",288,288,288,288,1,0.82,0,0.33,0,0.67,0,0.67,0,3.4,"att","att","I","no",0,"t","0"
"289",289,289,289,289,1,2.68,0,0.18,0,0.82,0,0.67,0,11.16,"cgt","cgt","R","no",0,"t","0"
"290",290,290,290,290,1,1.1,0,0.03,0,0.97,0,0.67,0,4.57,"ttg","ttg","L","no",1,"g","0"
"291",291,291,291,291,1,0.74,0.74,0.2,0,0.8,0,0.67,0,4.82,"tca","tca","S","no",1,"a","0"
"292",292,292,292,292,1,1.11,0,0.19,0,0.81,0,0.67,0,4.64,"ttc","ttc","F","no",0,"c","0"
"293",293,293,293,293,1,0.9,0,0.02,0,0.98,0,0.67,0,3.76,"cag","cag","Q","no",1,"g","0"
"294",294,294,294,294,1,1.02,0,0.02,0,0.98,0,0.67,0,4.24,"tta","tta","L","no",0,"a","0"
"295",295,295,295,295,1,1.89,0.02,0,0.02,1,0,0.67,0,8.09,"atg","atg","M","no",1,"g","0"
"296",296,296,296,296,1,1.48,0,0.25,0,0.75,0,0.67,0,6.17,"cgt","cgt","R","no",0,"t","0"
"297",297,297,297,297,1,0.33,0,0.03,0,0.97,0,0.67,0,1.37,"cca","cca","P","no",1,"a","0"
"298",298,298,298,298,1,0.61,0.61,0.07,0,0.93,0,0.67,0,2.99,"cca","cca","P","no",1,"a","0"
"299",299,299,299,299,1,2.2,0,0.25,0,0.75,0,0.67,0,9.16,"aat","aat","N","yes",0,"t","3"
"300",300,300,300,300,1,0,0,1,0,0,0,1,0,0,"atg","atg","M","no",1,"g","0"
"301",301,301,301,301,1,2.58,0,0.18,0,0.82,0,0.67,0,10.75,"aca","aca","T","no",1,"a","0"
"302",302,302,302,302,1,0.44,0,0.04,0,0.96,0,0.67,0,1.82,"cca","cca","P","no",1,"a","0"
"303",303,303,303,303,1,2.37,0.52,0.22,0,0.78,0,0.67,0,11.22,"gcc","gcc","A","no",0,"c","0"
"304",304,304,304,304,1,0.75,0,0.22,0,0.78,0,0.67,0,3.14,"gta","gta","V","no",0,"a","0"
"305",305,305,305,305,1,2.02,2.02,0.07,0,0.93,0,0.67,0,10.13,"aat","aat","N","yes",1,"t","4"
"306",306,306,306,306,1,1.83,1.83,0.07,0,0.93,0,0.67,0,9.02,"gca","gca","A","no",1,"a","0"
"307",307,307,307,307,1,1.01,0,0.04,0,0.96,0,0.67,0,4.19,"tta","tta","L","no",0,"a","0"
"308",308,308,308,308,1,1.29,0,0.07,0,0.93,0,0.67,0,5.39,"ttt","ttt","F","yes",0,"t","3"
"309",309,309,309,309,1,0.63,0,0.02,0,0.98,0,0.67,0,2.62,"ccg","ccg","P","no",0,"g","0"
"310",310,310,310,310,1,1,1,0.16,0,0.84,0,0.67,0,6.01,"caa","caa","Q","yes",1,"a","2"
"311",311,311,311,311,1,0.64,0,0.02,0,0.98,0,0.67,0,2.65,"gca","gca","A","no",1,"a","0"
"312",312,312,312,312,1,1.83,0.06,1,0.02,0,0,0.67,0,8.29,"caa","caa","Q","yes",1,"a","2"
"313",313,313,313,313,1,1.3,0,0.09,0,0.91,0,0.67,0,5.4,"cct","cct","P","no",0,"t","0"
"314",314,314,314,314,1,0.41,0,0.05,0,0.95,0,0.67,0,1.7,"ttt","ttt","F","yes",0,"t","3"
"315",315,315,315,315,1,1.2,0.33,0.97,0.25,0.03,0,0.67,0,8.83,"caa","caa","Q","yes",1,"a","2"
"316",316,316,316,316,1,1.68,1.68,0.16,0,0.84,0,0.67,0,10.04,"cat","cat","H","yes",1,"t","4"
"317",317,317,317,317,1,3.37,0,0.11,0,0.89,0,0.67,0,14.04,"cat","cat","H","yes",1,"t","4"
"318",318,318,318,318,1,2.12,0,0.07,0,0.93,0,0.67,0,8.84,"gca","gca","A","no",1,"a","0"
"319",319,319,319,319,1,0.94,0,0.33,0,0.67,0,0.67,0,3.93,"aca","aca","T","no",1,"a","0"
"320",320,320,320,320,1,0.93,0,0.18,0,0.82,0,0.67,0,3.87,"gtt","gtt","V","no",1,"t","0"
"321",321,321,321,321,1,0.82,0,0.19,0,0.81,0,0.67,0,3.43,"gga","gga","G","no",0,"a","0"
"322",322,322,322,322,1,2.33,2.33,0.06,0,0.94,0,0.67,0,11.42,"ctt","ctt","L","no",0,"t","0"
"323",323,323,323,323,1,1.04,0,0.12,0,0.88,0,0.67,0,4.35,"aca","aca","T","no",1,"a","0"
"324",324,324,324,324,1,1.25,0,0.02,0,0.98,0,0.67,0,5.2,"tta","tta","L","no",0,"a","0"
"325",325,325,325,325,1,3.17,3.17,0.05,0,0.95,0,0.67,0,15.03,"cgt","cgt","R","no",0,"t","0"
"326",326,326,326,326,1,0.39,0,0.01,0,0.99,0,0.67,0,1.63,"att","att","I","no",1,"t","0"
"327",327,327,327,327,1,1.12,0.07,1,0.06,0,0,0.67,0,5.47,"gaa","gaa","E","yes",0,"a","1"
"328",328,328,328,328,1,0.37,0,0.01,0,0.99,0,0.67,0,1.54,"tct","tct","S","no",1,"t","0"
"329",329,329,329,329,1,0.92,0,0.32,0,0.68,0,0.67,0,3.84,"gca","gca","A","no",1,"a","0"
"330",330,330,330,330,1,0.79,0.09,1,0.08,0,0,0.67,0,4.34,"gtt","gtt","V","no",0,"t","0"
"331",331,331,331,331,1,1.01,1.01,0.05,0,0.95,0,0.67,0,4.8,"tgt","tgt","C","yes",1,"t","4"
"332",332,332,332,332,1,1.25,0,0.25,0,0.75,0,0.67,0,5.19,"gaa","gaa","E","yes",0,"a","1"
"333",333,333,333,333,1,2.39,0,0.18,0,0.82,0,0.67,0,9.94,"tca","tca","S","no",1,"a","0"
"334",334,334,334,334,1,1.1,0,0.2,0,0.8,0,0.67,0,4.6,"gtg","gtg","V","no",1,"g","0"
"335",335,335,335,335,1,0.7,0,0.14,0,0.86,0,0.67,0,2.92,"ctt","ctt","L","no",1,"t","0"
"336",336,336,336,336,1,0.83,0.83,0.05,0,0.95,0,0.67,0,3.98,"gcg","gcg","A","no",0,"g","0"
"337",337,337,337,337,1,1.45,0,0.18,0,0.82,0,0.67,0,6.02,"gat","gat","D","yes",1,"t","4"
"338",338,338,338,338,1,1.78,1.78,0.07,0,0.93,0,0.67,0,8.8,"gca","gca","A","no",1,"a","0"
"339",339,339,339,339,1,0.75,0.75,0.26,0.08,0.74,0,0.67,0,6.11,"aat","aat","N","yes",1,"t","4"
"340",340,340,340,340,1,1.09,0,0.11,0,0.89,0,0.67,0,4.53,"gaa","gaa","E","yes",0,"a","1"
"341",341,341,341,341,1,1.51,0,0.18,0,0.82,0,0.67,0,6.3,"act","act","T","no",0,"t","0"
"342",342,342,342,342,1,1.27,0.13,0.39,0.04,0.61,0,0.67,0,6.17,"tta","tta","L","no",0,"a","0"
"343",343,343,343,343,1,1.04,0,0.01,0,0.99,0,0.67,0,4.31,"ttg","ttg","L","no",1,"g","0"
"344",344,344,344,344,1,0.72,0,0.15,0,0.85,0,0.67,0,3.02,"gcg","gcg","A","no",0,"g","0"
"345",345,345,345,345,1,1.69,1.69,0.04,0,0.96,0,0.67,0,7.88,"aat","aat","N","yes",1,"t","4"
"346",346,346,346,346,1,0.24,0,0.14,0,0.86,0,0.67,0,1.02,"gtg","gtg","V","no",1,"g","0"
"347",347,347,347,347,1,0.9,0,0.3,0,0.7,0,0.67,0,3.75,"acc","acc","T","no",0,"c","0"
"348",348,348,348,348,1,1.97,0.06,0.34,0.05,0.66,0,0.67,0,8.87,"gca","gca","A","no",1,"a","0"
"349",349,349,349,349,1,1.25,0.74,0.06,0,0.94,0,0.67,0,5.74,"gta","gta","V","no",0,"a","0"
"350",350,350,350,350,1,1.92,0,0.07,0,0.93,0,0.67,0,7.98,"cgt","cgt","R","no",0,"t","0"
"351",351,351,351,351,1,0.55,0,0.03,0,0.97,0,0.67,0,2.28,"caa","caa","Q","yes",1,"a","2"
"352",352,352,352,352,1,1.2,0,0.26,0,0.74,0,0.67,0,4.99,"gag","gag","E","no",0,"g","0"
"353",353,353,353,353,1,1.22,0,0.26,0,0.74,0,0.67,0,5.08,"tat","tat","Y","yes",1,"t","4"
"354",354,354,354,354,1,3.3,0,0.19,0,0.81,0,0.67,0,13.75,"gct","gct","A","no",0,"t","0"
"355",355,355,355,355,1,0.52,0.02,0.23,0.03,0.77,0,0.67,0,2.44,"ata","ata","I","no",0,"a","0"
"356",356,356,356,356,1,0.28,0,0.02,0,0.98,0,0.67,0,1.15,"cca","cca","P","no",1,"a","0"
"357",357,357,357,357,1,0.16,0,0.02,0,0.98,0,0.67,0,0.65,"gtt","gtt","V","no",1,"t","0"
"358",358,358,358,358,1,0.56,0,0.05,0,0.95,0,0.67,0,2.31,"gga","gga","G","no",0,"a","0"
"359",359,359,359,359,1,0.65,0,0.2,0,0.8,0,0.67,0,2.72,"cca","cca","P","no",1,"a","0"
"360",360,360,360,360,1,1.39,0,0.18,0,0.82,0,0.67,0,5.78,"gta","gta","V","no",0,"a","0"
"361",361,361,361,361,1,2.74,0,0.18,0,0.82,0,0.67,0,11.41,"ttt","ttt","F","yes",0,"t","3"
"362",362,362,362,362,1,0.53,0,0.01,0,0.99,0,0.67,0,2.19,"cca","cca","P","no",1,"a","0"
"363",363,363,363,363,1,0,0,1,0,0,0,1,0,0,"cca","cca","P","no",1,"a","0"
"364",364,364,364,364,1,0.39,0,0.03,0,0.97,0,0.67,0,1.63,"ggc","ggc","G","no",0,"c","0"
"365",365,365,365,365,1,0,0,1,0,0,0,1,0,0,"atg","atg","M","no",1,"g","0"
"366",366,366,366,366,1,1.43,0.03,0.91,0.03,0.09,0,0.67,0,6.36,"aat","aat","N","yes",0,"t","3"
"367",367,367,367,367,1,0,0,1,0,0,0,1,0,0,"tgg","tgg","W","no",1,"g","0"
"368",368,368,368,368,1,0.79,0,0.19,0,0.81,0,0.67,0,3.3,"act","act","T","no",1,"t","0"
"369",369,369,369,369,1,0.9,0.07,1,0.05,0,0,0.67,0,4.54,"gag","gag","E","no",0,"g","0"
"370",370,370,370,370,1,1.36,0.05,0.45,0.05,0.55,0,0.67,0,6.21,"ttg","ttg","L","no",1,"g","0"
"371",371,371,371,371,1,0.25,0,0.05,0,0.95,0,0.67,0,1.04,"att","att","I","no",0,"t","0"
"372",372,372,372,372,1,0.43,0,0.01,0,0.99,0,0.67,0,1.79,"act","act","T","no",0,"t","0"
"373",373,373,373,373,1,1.42,0,0.2,0,0.8,0,0.67,0,5.91,"aac","aac","N","no",0,"c","0"
"374",374,374,374,374,1,1.78,0,0.18,0,0.82,0,0.67,0,7.4,"tat","tat","Y","yes",0,"t","3"
"375",375,375,375,375,1,0.22,0,0.19,0,0.81,0,0.67,0,0.92,"tca","tca","S","no",1,"a","0"
"376",376,376,376,376,1,0.4,0,0.02,0,0.98,0,0.67,0,1.67,"cca","cca","P","no",1,"a","0"
"377",377,377,377,377,1,1.34,0,0.26,0,0.74,0,0.67,0,5.6,"tct","tct","S","no",0,"t","0"
"378",378,378,378,378,1,1.02,0,0.19,0,0.81,0,0.67,0,4.25,"aga","aga","R","no",0,"a","0"
"379",379,379,379,379,1,0.51,0,0.01,0,0.99,0,0.67,0,2.12,"gaa","gaa","E","yes",0,"a","1"
"380",380,380,380,380,1,0.2,0,0.03,0,0.97,0,0.67,0,0.84,"gat","gat","D","yes",0,"t","3"
"381",381,381,381,381,1,1.67,0,0.11,0,0.89,0,0.67,0,6.95,"aat","aat","N","yes",0,"t","3"
"382",382,382,382,382,1,0.56,0,0.03,0,0.97,0,0.67,0,2.34,"ttg","ttg","L","no",1,"g","0"
"383",383,383,383,383,1,0.87,0,0.04,0,0.96,0,0.67,0,3.64,"caa","caa","Q","yes",1,"a","2"
"384",384,384,384,384,1,0.63,0,0.1,0,0.9,0,0.67,0,2.61,"cgt","cgt","R","no",1,"t","0"
"385",385,385,385,385,1,1.42,1.42,0.08,0,0.92,0,0.67,0,7.27,"gtc","gtc","V","no",0,"c","0"
"386",386,386,386,386,1,0.75,0,0.26,0,0.74,0,0.67,0,3.13,"ttt","ttt","F","yes",0,"t","3"
"387",387,387,387,387,1,0.47,0,0.05,0,0.95,0,0.67,0,1.96,"aca","aca","T","no",1,"a","0"
"388",388,388,388,388,1,0.35,0,0.03,0,0.97,0,0.67,0,1.47,"gta","gta","V","no",0,"a","0"
"389",389,389,389,389,1,0.3,0,0.04,0,0.96,0,0.67,0,1.24,"gct","gct","A","no",0,"t","0"
"390",390,390,390,390,1,0.18,0,0.11,0,0.89,0,0.67,0,0.73,"tct","tct","S","no",0,"t","0"
"391",391,391,391,391,1,0.64,0,0.15,0,0.85,0,0.67,0,2.67,"att","att","I","no",0,"t","0"
"392",392,392,392,392,1,0,0,1,0,0,0,1,0,0,"aga","aga","R","no",0,"a","0"
"393",393,393,393,393,1,0,0,1,0,0,0,1,0,0,"agc","agc","S","no",0,"c","0"
"394",394,394,394,394,1,0,0,1,0,0,0,1,0,0,"atg","atg","M","no",1,"g","0"
"395",395,395,395,395,1,0.81,0,0.04,0,0.96,0,0.67,0,3.38,"ttg","ttg","L","no",1,"g","0"
"396",396,396,396,396,1,0.31,0.06,1,0.01,0,0,0.67,0,1.99,"att","att","I","no",0,"t","0"
"397",397,397,397,397,1,0.14,0,0.01,0,0.99,0,0.67,0,0.6,"aag","aag","K","no",0,"g","0"
