name	start	stop	gene	tpye	verified	SeqNumber	Length
BKpolyomavirus_VP1.fasta.mu.trim05			VP1	DNA	YES		
DengueVirus1.fasta_pruned.mu.trim05	73	438	polyprotein	RNA	YES	1311	10182
DengueVirus2.fasta_pruned.mu.trim05			polyprotein	RNA	YES		
DengueVirus3.fasta_pruned.mu.trim05			polyprotein	RNA	YES		
DengueVirus4.fasta_pruned.mu.trim05			polyprotein	RNA	YES		
EnterovirusA_VP1.fasta_pruned.mu.trim05	187	0	VP1	RNA	YES	4640	705
EnterovirusA_VP2.fasta_pruned.mu.trim05	1	30	VP1	RNA	YES	385	387
EnterovirusB_VP1.fasta_pruned.mu.trim05	142	0	VP1	RNA	YES	1920	720
EnterovirusB_VP2.fasta_pruned.mu.trim05	1	0	VP1	RNA	YES	335	285
EnterovirusC_VP1.fasta_pruned.mu.trim05	13	549	VP1	RNA	YES	2013	348
EnterovirusC_VP2.fasta_pruned.mu.trim05	265	0	VP1	RNA	YES	306	2172
EnterovirusD_VP1.fasta_pruned.mu.trim05	442	0	VP1	RNA	YES	128	486
HepatitisB.fasta_pruned.mu.trim05				RNA			
HumanBocavirus1_NS1.fasta_pruned.mu.trim05			NS1	DNA			
HumanBocavirus1_VP1.fasta_pruned.mu.trim05			VP1	DNA			
Humanherpesvirus2_gD.fasta_pruned.mu.trim05			gD				
Humanherpesvirus2_glycoprotein_G.fasta_pruned.mu.trim05			glycoprotein_G				
Humanpapillomavirus16_L1.fasta_pruned.mu.trim05			L1				
Humanpapillomavirus16.fasta_pruned.mu.trim05							
humanparainfluenzavirus1_F.fasta_pruned.mu.trim05			F				
humanparainfluenzavirus1_HN.fasta_pruned.mu.trim05			HN	RNA			
humanparainfluenzavirus1.fasta_pruned.mu.trim05							
humanparainfluenzavirus3_HN.fasta_pruned.mu.trim05			HN	RNA			
humanparainfluenzavirus3.fasta_pruned.mu.trim05							
Humanrespiratorysyncytialvirus_G.fasta_pruned.mu.trim05			G				
Humanrespiratorysyncytialvirus_G.fasta.mu.trim05			G				
Humanrespiratorysyncytialvirus.fasta.mu.trim05							
InfluenzaAvirus_HA_H1N1.fasta.mu.trim05	1	0	HA	RNA	YES	12500	1701
InfluenzaAvirus_HA_H3N2.fasta.mu.trim05	9	11	HA	RNA	YES	7937	1701
InfluenzaAvirus_NA_H1N1.fasta.mu.trim05	1	0	NA	RNA	YES	12758	1410
InfluenzaAvirus_NA_H3N2.fasta.mu.trim05	1	15	NA	RNA	YES	8173	1410
InfluenzaBvirus_HA.fasta.mu.trim05	1	30	HA	RNA	YES	3600	1758
InfluenzaBvirus_NA.fasta.mu.trim05	1	0	NA	RNA	YES	2355	1401
JCpolyomavirus_VP1.fasta_pruned.mu.trim05	122	218	VP1	DNA	YES	111	282
Measles_hemagglutinin_OR_haemagglutinin.fasta_pruned.mu.trim05	1	0	Hemagglutinin	RNA	YES	335	1854
Measles.fasta_pruned.mu.trim05						22	
ParvovirusB19_NS1.fasta_pruned.mu.trim05	82	2310	NS1	DNA	YES	94	1887
ParvovirusB19_VP1.fasta_pruned.mu.trim05	1961	0	VP1	DNA	YES	95	2319
RhinovirusB_polyprotein.fasta_pruned.mu.trim05	385	0	polyprotein	RNA		47	6537
RhinovirusB.fasta_pruned.mu.trim05				RNA			
RhinovirusC.fasta_pruned.mu.trim05			VP6	RNA			
RotavirusA_VP6.fasta_pruned.mu.trim05	1	18	VP6	RNA	YES	151	1194
