"","X","Site","Partition","X.alpha.","X.beta..sup....sup.","p.sup....sup.","X.beta..sup....sup..1","p.sup....sup..1","LRT","p.value","X..branches.under.selection","Total.branch.length","wtnt_codon","consensus_codon","consensus_AA"
"1",1,1,1,0,0,1,0,0,0,1,0,0,"atg","atg","M"
"2",2,2,1,0,0,0.75,0,0.25,0,0.67,0,0,"agt","agt","S"
"3",3,3,1,0,0,1,0,0,0,1,0,0,"aaa","aaa","K"
"4",4,4,1,0,0,0.84,19.2,0.16,4.12,0.06,4,1.81,"gaa","gaa","E"
"5",5,5,1,0,0,0.56,0.97,0.44,0.29,0.49,1,0.25,"agt","agt","S"
"6",6,6,1,0.93,0.5,0.88,0.29,0.12,0,0.67,0,0.48,"ggc","ggc","G"
"7",7,7,1,0,0,1,0,0,0,1,0,0,"aaa","aaa","K"
"8",8,8,1,0,0,1,0,0,0,1,0,0,"tgg","tgg","W"
"9",9,9,1,0,0,1,0,0,0,1,0,0,"tgg","tgg","W"
"10",10,10,1,2.86,0,0.02,0,0.98,0,0.67,0,0.61,"gaa","gaa","E"
"11",11,11,1,0,0,1,0,0,0,1,0,0,"agt","agt","S"
"12",12,12,1,0,0,0,4,1,2.55,0.14,3,2.35,"gat","gat","D"
"13",13,13,1,0,0,1,0,0,0,1,0,0,"gat","gat","D"
"14",14,14,1,5.86,0,0.11,0,0.89,0,0.67,0,1.25,"aaa","aaa","K"
"15",15,15,1,0,0,1,0,0,0,1,0,0,"ttt","ttt","F"
"16",16,16,1,1.7,0,0.02,0,0.98,0,0.67,0,0.36,"gct","gct","A"
"17",17,17,1,0,0,1,0,0,0,1,0,0,"aaa","aaa","K"
"18",18,18,1,0,0,1,0,0,0,1,0,0,"gct","gct","A"
"19",19,19,1,0.82,0,0.11,0,0.89,0,0.67,0,0.17,"gtg","gtg","V"
"20",20,20,1,6.06,6.06,0.13,0,0.87,0,0.67,0,1.76,"tat","tat","Y"
"21",21,21,1,0,0,0.54,1.61,0.46,1.02,0.31,1,0.43,"cag","cag","Q"
"22",22,22,1,0,0,1,0,0,0,1,0,0,"caa","caa","Q"
"23",23,23,1,0,0,1,0,0,0,1,0,0,"ttt","ttt","F"
"24",24,24,1,4.3,1.86,0.32,0.02,0.68,0,0.67,0,1.27,"gtg","gtg","V"
"25",25,25,1,0,0,0.51,1.22,0.49,0.38,0.47,1,0.35,"gaa","gaa","E"
"26",26,26,1,0,0,1,0,0,0,1,0,0,"ttt","ttt","F"
"27",27,27,1,0,0,1,0,0,0,1,0,0,"tat","tat","Y"
"28",28,28,1,4.99,2.8,0.21,0,0.79,0,0.67,0,1.42,"gaa","gaa","E"
"29",29,29,1,2.5,0,0.03,0,0.97,0,0.67,0,0.53,"aag","aag","K"
"30",30,30,1,0,0,0.56,1.35,0.44,0.59,0.41,1,0.35,"gtt","gtt","V"
"31",31,31,1,1.74,0,0.04,0,0.96,0,0.67,0,0.37,"act","act","T"
"32",32,32,1,1.75,0,0.04,0,0.96,0,0.67,0,0.37,"gga","gga","G"
"33",33,33,1,0,0,1,0,0,0,1,0,0,"aca","aca","T"
"34",34,34,1,2.94,0,0.02,0,0.98,0,0.67,0,0.63,"gac","gac","D"
"35",35,35,1,0,0,1,0,0,0,1,0,0,"tta","tta","L"
"36",36,36,1,0,0,1,0,0,0,1,0,0,"gag","gag","E"
"37",37,37,1,0,0,1,0,0,0,1,0,0,"ctt","ctt","L"
"38",38,38,1,0,0,1,0,0,0,1,0,0,"att","att","I"
"39",39,39,1,2.82,0,0.02,0,0.98,0,0.67,0,0.6,"caa","caa","Q"
"40",40,40,1,0,0,1,0,0,0,1,0,0,"ata","ata","I"
"41",41,41,1,2.58,0,0.04,0,0.96,0,0.67,0,0.55,"tta","tta","L"
"42",42,42,1,0,0,1,0,0,0,1,0,0,"aaa","aaa","K"
"43",43,43,1,2.91,1.69,0.33,0,0.67,0,0.67,0,0.94,"gat","gat","D"
"44",44,44,1,0,0,1,0,0,0,1,0,0,"cat","cat","H"
"45",45,45,1,4.68,0,0.02,0,0.98,0,0.67,0,1,"tat","tat","Y"
"46",46,46,1,0,0,1,0,0,0,1,0,0,"aat","aat","N"
"47",47,47,1,0,0,1,0,0,0,1,0,0,"att","att","I"
"48",48,48,1,0,0,1,0,0,0,1,0,0,"tct","tct","S"
"49",49,49,1,0,0,1,0,0,0,1,0,0,"tta","tta","L"
"50",50,50,1,2.89,0,0.05,0,0.95,0,0.67,0,0.62,"gat","gat","D"
"51",51,51,1,0,0,0.54,1.2,0.46,0.36,0.47,1,0.33,"aat","aat","N"
"52",52,52,1,0,0,1,0,0,0,1,0,0,"ccc","ccc","P"
"53",53,53,1,0,0,1,0,0,0,1,0,0,"cta","cta","L"
"54",54,54,1,0,0,1,0,0,0,1,0,0,"gaa","gaa","E"
"55",55,55,1,1.39,0,0.04,0,0.96,0,0.67,0,0.3,"aac","aac","N"
"56",56,56,1,0,0,1,0,0,0,1,0,0,"cca","cca","P"
"57",57,57,1,1.9,0,0.01,0,0.99,0,0.67,0,0.4,"tcc","tcc","S"
"58",58,58,1,0,0,1,0,0,0,1,0,0,"tct","tct","S"
"59",59,59,1,1.69,0,0.04,0,0.96,0,0.67,0,0.36,"ctg","ctg","L"
"60",60,60,1,0,0,1,0,0,0,1,0,0,"ttt","ttt","F"
"61",61,61,1,0,0,0.57,1.21,0.43,0.64,0.39,1,0.3,"gac","gac","D"
"62",62,62,1,0,0,1,0,0,0,1,0,0,"tta","tta","L"
"63",63,63,1,0,0,1,0,0,0,1,0,0,"gtt","gtt","V"
"64",64,64,1,0,0,1,0,0,0,1,0,0,"gct","gct","A"
"65",65,65,1,8.14,0,0.02,0,0.98,0,0.67,0,1.73,"cgt","cgt","R"
"66",66,66,1,0,0,1,0,0,0,1,0,0,"att","att","I"
"67",67,67,1,0,0,1,0,0,0,1,0,0,"aaa","aaa","K"
"68",68,68,1,0,0,1,0,0,0,1,0,0,"aat","aat","N"
"69",69,69,1,0,0,1,0,0,0,1,0,0,"aac","aac","N"
"70",70,70,1,0,0,1,0,0,0,1,0,0,"ctt","ctt","L"
"71",71,71,1,0,0,1,0,0,0,1,0,0,"aaa","aaa","K"
"72",72,72,1,5.77,0,0.04,0,0.96,0,0.67,0,1.23,"aac","aac","N"
"73",73,73,1,0,0,0.52,1.38,0.48,0.64,0.39,1,0.39,"tct","tct","S"
"74",74,74,1,0,0,1,0,0,0,1,0,0,"cca","cca","P"
"75",75,75,1,0,0,1,0,0,0,1,0,0,"gac","gac","D"
"76",76,76,1,0,0,1,0,0,0,1,0,0,"tta","tta","L"
"77",77,77,1,0,0,1,0,0,0,1,0,0,"tat","tat","Y"
"78",78,78,1,0,0,0.55,0.94,0.45,0.28,0.5,1,0.25,"agt","agt","S"
"79",79,79,1,0,0,1,0,0,0,1,0,0,"cat","cat","H"
"80",80,80,1,0,0,1,0,0,0,1,0,0,"cat","cat","H"
"81",81,81,1,0,0,1,0,0,0,1,0,0,"ttt","ttt","F"
"82",82,82,1,2.82,0,0.02,0,0.98,0,0.67,0,0.6,"caa","caa","Q"
"83",83,83,1,0,0,1,0,0,0,1,0,0,"agt","agt","S"
"84",84,84,1,0,0,1,0,0,0,1,0,0,"cat","cat","H"
"85",85,85,1,0,0,1,0,0,0,1,0,0,"gga","gga","G"
"86",86,86,1,0,0,1,0,0,0,1,0,0,"cag","cag","Q"
"87",87,87,1,0,0,1,0,0,0,1,0,0,"tta","tta","L"
"88",88,88,1,0,0,1,0,0,0,1,0,0,"tct","tct","S"
"89",89,89,1,0,0,1,0,0,0,1,0,0,"gac","gac","D"
"90",90,90,1,0,0,1,0,0,0,1,0,0,"cac","cac","H"
"91",91,91,1,0,0,1,0,0,0,1,0,0,"ccc","ccc","P"
"92",92,92,1,0,0,1,0,0,0,1,0,0,"cat","cat","H"
"93",93,93,1,0,0,0.01,0.56,0.99,0.94,0.33,1,0.33,"gcc","gcc","A"
"94",94,94,1,0,0,1,0,0,0,1,0,0,"tta","tta","L"
"95",95,95,1,0,0,1,0,0,0,1,0,0,"tca","tca","S"
"96",96,96,1,0,0,0.41,1.09,0.59,1.04,0.31,1,0.38,"tcc","tcc","S"
"97",97,97,1,0,0,1,0,0,0,1,0,0,"agt","agt","S"
"98",98,98,1,1.38,0.84,0.51,0,0.49,0,0.67,0,0.55,"agc","agc","S"
"99",99,99,1,0,0,1,0,0,0,1,0,0,"agt","agt","S"
"100",100,100,1,0,0,0.5,1.07,0.5,0.33,0.48,1,0.31,"cat","cat","H"
"101",101,101,1,0,0,1,0,0,0,1,0,0,"gca","gca","A"
"102",102,102,1,0,0,1,0,0,0,1,0,0,"gaa","gaa","E"
"103",103,103,1,0,0,1,0,0,0,1,0,0,"cct","cct","P"
"104",104,104,1,0,0,1,0,0,0,1,0,0,"aga","aga","R"
"105",105,105,1,0,0,1,0,0,0,1,0,0,"gga","gga","G"
"106",106,106,1,0,0,1,0,0,0,1,0,0,"gaa","gaa","E"
"107",107,107,1,0,0,0,1.66,1,1.06,0.31,3,0.97,"aat","aat","N"
"108",108,108,1,0,0,1,0,0,0,1,0,0,"gca","gca","A"
"109",109,109,1,0,0,0.08,0.64,0.92,0.59,0.41,1,0.34,"gta","gta","V"
"110",110,110,1,0,0,1,0,0,0,1,0,0,"tta","tta","L"
"111",111,111,1,0,0,1,0,0,0,1,0,0,"tct","tct","S"
"112",112,112,1,0,0,0.56,0.99,0.44,0.29,0.49,1,0.25,"agt","agt","S"
"113",113,113,1,0,0,0.97,69.51,0.03,1.52,0.24,2,1.41,"gaa","gaa","E"
"114",114,114,1,0,0,1,0,0,0,1,0,0,"gac","gac","D"
"115",115,115,1,0,0,1,0,0,0,1,0,0,"tta","tta","L"
"116",116,116,1,0,0,1,0,0,0,1,0,0,"cac","cac","H"
"117",117,117,1,0,0,1,0,0,0,1,0,0,"aag","aag","K"
"118",118,118,1,0,0,1,0,0,0,1,0,0,"cct","cct","P"
"119",119,119,1,0,0,1,0,0,0,1,0,0,"ggg","ggg","G"
"120",120,120,1,0,0,0.5,1.56,0.5,0.48,0.43,1,0.45,"caa","caa","Q"
"121",121,121,1,0,0,1,0,0,0,1,0,0,"gtt","gtt","V"
"122",122,122,1,0,0,1,0,0,0,1,0,0,"agc","agc","S"
"123",123,123,1,0,0,0.18,0.72,0.82,0.59,0.4,1,0.35,"gta","gta","V"
"124",124,124,1,0,0,1,0,0,0,1,0,0,"caa","caa","Q"
"125",125,125,1,0.85,0,0.1,0,0.9,0,0.67,0,0.18,"cta","cta","L"
"126",126,126,1,0,0,1,0,0,0,1,0,0,"ccc","ccc","P"
"127",127,127,1,0,0,0.59,1.17,0.41,0.5,0.43,1,0.28,"ggt","ggt","G"
"128",128,128,1,0,0,1,0,0,0,1,0,0,"act","act","T"
"129",129,129,1,0,0,1,0,0,0,1,0,0,"aac","aac","N"
"130",130,130,1,0,0,1,0,0,0,1,0,0,"tat","tat","Y"
"131",131,131,1,0,0,1,0,0,0,1,0,0,"gtt","gtt","V"
"132",132,132,1,0,0,1,0,0,0,1,0,0,"ggg","ggg","G"
"133",133,133,1,0,0,1,0,0,0,1,0,0,"cct","cct","P"
"134",134,134,1,0,0,1,0,0,0,1,0,0,"ggc","ggc","G"
"135",135,135,1,0,0,1,0,0,0,1,0,0,"aat","aat","N"
"136",136,136,1,0,0,1,0,0,0,1,0,0,"gag","gag","E"
"137",137,137,1,1.72,0,0.02,0,0.98,0,0.67,0,0.37,"cta","cta","L"
"138",138,138,1,0,0,1,0,0,0,1,0,0,"caa","caa","Q"
"139",139,139,1,0,0,0,1.12,1,1.13,0.29,2,0.66,"gct","gct","A"
"140",140,140,1,0,0,1,0,0,0,1,0,0,"ggg","ggg","G"
"141",141,141,1,0,0,1,0,0,0,1,0,0,"ccc","ccc","P"
"142",142,142,1,0,0,1,0,0,0,1,0,0,"ccg","ccg","P"
"143",143,143,1,0,0,1,0,0,0,1,0,0,"caa","caa","Q"
"144",144,144,1,0,0,1,0,0,0,1,0,0,"agt","agt","S"
"145",145,145,1,0,0,1,0,0,0,1,0,0,"gct","gct","A"
"146",146,146,1,1.75,0,0.04,0,0.96,0,0.67,0,0.37,"gtt","gtt","V"
"147",147,147,1,0,0,1,0,0,0,1,0,0,"gac","gac","D"
"148",148,148,1,0,0,1,0,0,0,1,0,0,"agt","agt","S"
"149",149,149,1,0,0,1,0,0,0,1,0,0,"gct","gct","A"
"150",150,150,1,0,0,1,0,0,0,1,0,0,"gca","gca","A"
"151",151,151,1,0,0,1,0,0,0,1,0,0,"agg","agg","R"
"152",152,152,1,0,0,0.63,1.56,0.37,0.52,0.42,1,0.34,"att","att","I"
"153",153,153,1,0,0,1,0,0,0,1,0,0,"cat","cat","H"
"154",154,154,1,0,0,1,0,0,0,1,0,0,"gac","gac","D"
"155",155,155,1,0,0,1,0,0,0,1,0,0,"ttt","ttt","F"
"156",156,156,1,0,0,1,0,0,0,1,0,0,"agg","agg","R"
"157",157,157,1,0,0,1,0,0,0,1,0,0,"tat","tat","Y"
"158",158,158,1,0,0,1,0,0,0,1,0,0,"agc","agc","S"
"159",159,159,1,0,0,1,0,0,0,1,0,0,"caa","caa","Q"
"160",160,160,1,0,0,1,0,0,0,1,0,0,"ctg","ctg","L"
"161",161,161,1,0,0,1,0,0,0,1,0,0,"gct","gct","A"
"162",162,162,1,0,0,1,0,0,0,1,0,0,"aag","aag","K"
"163",163,163,1,0.75,0,0.04,0,0.96,0,0.67,0,0.16,"ttg","ttg","L"
"164",164,164,1,0,0,1,0,0,0,1,0,0,"gga","gga","G"
"165",165,165,1,0,0,1,0,0,0,1,0,0,"ata","ata","I"
"166",166,166,1,0,0,1,0,0,0,1,0,0,"aat","aat","N"
"167",167,167,1,1.71,0,0.01,0,0.99,0,0.67,0,0.36,"cca","cca","P"
"168",168,168,1,0,0,1,0,0,0,1,0,0,"tat","tat","Y"
"169",169,169,1,0,0,1,0,0,0,1,0,0,"act","act","T"
"170",170,170,1,0,0,0.28,1.47,0.72,0.68,0.38,2,0.63,"cat","cat","H"
"171",171,171,1,0,0,1,0,0,0,1,0,0,"tgg","tgg","W"
"172",172,172,1,0,0,1,0,0,0,1,0,0,"act","act","T"
"173",173,173,1,1.45,0,0.09,0,0.91,0,0.67,0,0.31,"gta","gta","V"
"174",174,174,1,0,0,1,0,0,0,1,0,0,"gca","gca","A"
"175",175,175,1,0,0,1,0,0,0,1,0,0,"gat","gat","D"
"176",176,176,1,0,0,1,0,0,0,1,0,0,"gaa","gaa","E"
"177",177,177,1,2.23,0,0.04,0,0.96,0,0.67,0,0.47,"gag","gag","E"
"178",178,178,1,0,0,1,0,0,0,1,0,0,"ctt","ctt","L"
"179",179,179,1,0,0,1,0,0,0,1,0,0,"tta","tta","L"
"180",180,180,1,0,0,0.57,1.36,0.43,0.39,0.46,1,0.35,"aaa","aaa","K"
"181",181,181,1,0,0,1,0,0,0,1,0,0,"aat","aat","N"
"182",182,182,1,0,0,1,0,0,0,1,0,0,"ata","ata","I"
"183",183,183,1,0,0,0.53,1.27,0.47,0.39,0.46,1,0.35,"aaa","aaa","K"
"184",184,184,1,0,0,1,0,0,0,1,0,0,"aat","aat","N"
"185",185,185,1,0,0,1,0,0,0,1,0,0,"gaa","gaa","E"
"186",186,186,1,0,0,0.58,1.35,0.42,0.59,0.41,1,0.34,"act","act","T"
"187",187,187,1,0,0,1,0,0,0,1,0,0,"ggg","ggg","G"
"188",188,188,1,0,0,1,0,0,0,1,0,0,"ttt","ttt","F"
"189",189,189,1,0,0,1,0,0,0,1,0,0,"caa","caa","Q"
"190",190,190,1,0,0,0.48,1.07,0.52,0.55,0.42,1,0.33,"gca","gca","A"
"191",191,191,1,5.93,0,0.01,0,0.99,0,0.67,0,1.26,"caa","caa","Q"
"192",192,192,1,0,0,1,0,0,0,1,0,0,"gta","gta","V"
"193",193,193,1,0,0,1,0,0,0,1,0,0,"gta","gta","V"
"194",194,194,1,0,0,1,0,0,0,1,0,0,"aaa","aaa","K"
"195",195,195,1,0,0,1,0,0,0,1,0,0,"gac","gac","D"
"196",196,196,1,0,0,1,0,0,0,1,0,0,"tac","tac","Y"
"197",197,197,1,0,0,1,0,0,0,1,0,0,"ttt","ttt","F"
"198",198,198,1,0,0,1,0,0,0,1,0,0,"act","act","T"
"199",199,199,1,0,0,1,0,0,0,1,0,0,"tta","tta","L"
"200",200,200,1,0,0,1,0,0,0,1,0,0,"aaa","aaa","K"
"201",201,201,1,0,0,1,0,0,0,1,0,0,"ggt","ggt","G"
"202",202,202,1,0,0,1,0,0,0,1,0,0,"gca","gca","A"
"203",203,203,1,0,0,1,0,0,0,1,0,0,"gct","gct","A"
"204",204,204,1,0,0,1,0,0,0,1,0,0,"gcc","gcc","A"
"205",205,205,1,0,0,1,0,0,0,1,0,0,"cct","cct","P"
"206",206,206,1,0,0,1,0,0,0,1,0,0,"gtg","gtg","V"
"207",207,207,1,0,0,1,0,0,0,1,0,0,"gcc","gcc","A"
"208",208,208,1,0,0,1,0,0,0,1,0,0,"cat","cat","H"
"209",209,209,1,0,0,1,0,0,0,1,0,0,"ttt","ttt","F"
"210",210,210,1,0,0,1,0,0,0,1,0,0,"caa","caa","Q"
"211",211,211,1,0,0,1,0,0,0,1,0,0,"gga","gga","G"
"212",212,212,1,0,0,1,0,0,0,1,0,0,"agt","agt","S"
"213",213,213,1,0,0,1,0,0,0,1,0,0,"ttg","ttg","L"
"214",214,214,1,0,0,1,0,0,0,1,0,0,"ccg","ccg","P"
"215",215,215,1,0,0,1,0,0,0,1,0,0,"gaa","gaa","E"
"216",216,216,1,0,0,1,0,0,0,1,0,0,"gtt","gtt","V"
"217",217,217,1,0,0,1,0,0,0,1,0,0,"ccc","ccc","P"
"218",218,218,1,0,0,1,0,0,0,1,0,0,"gct","gct","A"
"219",219,219,1,0,0,1,0,0,0,1,0,0,"tac","tac","Y"
"220",220,220,1,0,0,0.32,1.52,0.68,1.25,0.28,2,0.61,"aac","aac","N"
"221",221,221,1,0,0,0,0.56,1,0.94,0.33,1,0.33,"gcc","gcc","A"
"222",222,222,1,0,0,1,0,0,0,1,0,0,"tca","tca","S"
"223",223,223,1,0,0,1,0,0,0,1,0,0,"gaa","gaa","E"
"224",224,224,1,0,0,1,0,0,0,1,0,0,"aaa","aaa","K"
"225",225,225,1,0,0,1,0,0,0,1,0,0,"tac","tac","Y"
"226",226,226,1,0,0,1,0,0,0,1,0,0,"cca","cca","P"
"227",227,227,1,0,0,1,0,0,0,1,0,0,"agc","agc","S"
"228",228,228,1,0,0,1,0,0,0,1,0,0,"atg","atg","M"
"229",229,229,1,0,0,1,0,0,0,1,0,0,"act","act","T"
"230",230,230,1,0,0,1,0,0,0,1,0,0,"tca","tca","S"
"231",231,231,1,0,0,1,0,0,0,1,0,0,"gtt","gtt","V"
"232",232,232,1,0,0,1,0,0,0,1,0,0,"aat","aat","N"
"233",233,233,1,0,0,1,0,0,0,1,0,0,"tct","tct","S"
"234",234,234,1,0,0,0.75,0,0.25,0,0.67,0,0,"gca","gca","A"
"235",235,235,1,0,0,1,0,0,0,1,0,0,"gaa","gaa","E"
"236",236,236,1,0,0,1,0,0,0,1,0,0,"gcc","gcc","A"
"237",237,237,1,0,0,1,0,0,0,1,0,0,"agc","agc","S"
"238",238,238,1,0,0,1,0,0,0,1,0,0,"act","act","T"
"239",239,239,1,0,0,0.58,1.12,0.42,0.47,0.44,1,0.27,"ggt","ggt","G"
"240",240,240,1,0,0,1,0,0,0,1,0,0,"gca","gca","A"
"241",241,241,1,0,0,1,0,0,0,1,0,0,"gga","gga","G"
"242",242,242,1,0,0,1,0,0,0,1,0,0,"ggg","ggg","G"
"243",243,243,1,1.7,0,0.02,0,0.98,0,0.67,0,0.36,"ggg","ggg","G"
"244",244,244,1,0.94,0,0.04,0,0.96,0,0.67,0,0.2,"ggc","ggc","G"
"245",245,245,1,0,0,1,0,0,0,1,0,0,"agt","agt","S"
"246",246,246,1,0,0,1,0,0,0,1,0,0,"aat","aat","N"
"247",247,247,1,1.75,0,0.02,0,0.98,0,0.67,0,0.37,"cct","cct","P"
"248",248,248,1,9.96,0,0.01,0,0.99,0,0.67,0,2.12,"gtt","gtt","V"
"249",249,249,1,0,0,1,0,0,0,1,0,0,"aaa","aaa","K"
"250",250,250,1,2.8,0,0.05,0,0.95,0,0.67,0,0.6,"agc","agc","S"
"251",251,251,1,0,0,1,0,0,0,1,0,0,"atg","atg","M"
"252",252,252,1,0,0,1,0,0,0,1,0,0,"tgg","tgg","W"
"253",253,253,1,0,0,1,0,0,0,1,0,0,"agt","agt","S"
"254",254,254,1,1.11,0,0.03,0,0.97,0,0.67,0,0.24,"gag","gag","E"
"255",255,255,1,0,0,1,0,0,0,1,0,0,"ggg","ggg","G"
"256",256,256,1,1.91,0,0.05,0,0.95,0,0.67,0,0.41,"gcc","gcc","A"
"257",257,257,1,0,0,0.48,1.08,0.52,0.55,0.42,1,0.33,"act","act","T"
"258",258,258,1,0,0,1,0,0,0,1,0,0,"ttt","ttt","F"
"259",259,259,1,0,0,1,0,0,0,1,0,0,"agt","agt","S"
"260",260,260,1,0.96,0.85,0.66,0,0.34,0,0.67,0,0.53,"gcc","gcc","A"
"261",261,261,1,0,0,1,0,0,0,1,0,0,"aac","aac","N"
"262",262,262,1,0,0,1,0,0,0,1,0,0,"tct","tct","S"
"263",263,263,1,3.46,0,0.05,0,0.95,0,0.67,0,0.74,"gta","gta","V"
"264",264,264,1,1.74,0,0.05,0,0.95,0,0.67,0,0.37,"act","act","T"
"265",265,265,1,2.87,0,0.01,0,0.99,0,0.67,0,0.61,"tgt","tgt","C"
"266",266,266,1,0,0,1,0,0,0,1,0,0,"aca","aca","T"
"267",267,267,1,0,0,1,0,0,0,1,0,0,"ttt","ttt","F"
"268",268,268,1,1.88,1.14,0.56,0.07,0.44,0,0.67,0,0.79,"tcc","tcc","S"
"269",269,269,1,2.12,0,0.05,0,0.95,0,0.67,0,0.45,"aga","aga","R"
"270",270,270,1,1.12,0,0.04,0,0.96,0,0.67,0,0.24,"cag","cag","Q"
"271",271,271,1,0,0,0.53,1.29,0.47,0.39,0.46,1,0.35,"ttt","ttt","F"
"272",272,272,1,0,0,1,0,0,0,1,0,0,"tta","tta","L"
"273",273,273,1,2,0,0.02,0,0.98,0,0.67,0,0.43,"att","att","I"
"274",274,274,1,5.53,0,0.05,0,0.95,0,0.67,0,1.18,"cca","cca","P"
"275",275,275,1,0,0,1,0,0,0,1,0,0,"tat","tat","Y"
"276",276,276,1,1.4,1.03,0.98,0.88,0.02,0,0.67,0,0.9,"gac","gac","D"
"277",277,277,1,0,0,1,0,0,0,1,0,0,"cca","cca","P"
"278",278,278,1,4.7,0,0.01,0,0.99,0,0.67,0,1,"gag","gag","E"
"279",279,279,1,0,0,1,0,0,0,1,0,0,"cac","cac","H"
"280",280,280,1,0,0,0,0.53,1,0.34,0.48,1,0.31,"cat","cat","H"
"281",281,281,1,2.83,0,0.05,0,0.95,0,0.67,0,0.6,"tat","tat","Y"
"282",282,282,1,2.23,0,0.02,0,0.98,0,0.67,0,0.47,"aag","aag","K"
"283",283,283,1,2.87,0,0.02,0,0.98,0,0.67,0,0.61,"gtg","gtg","V"
"284",284,284,1,0,0,1,0,0,0,1,0,0,"ttt","ttt","F"
"285",285,285,1,0,0,0,0.65,1,0.64,0.39,1,0.38,"tct","tct","S"
"286",286,286,1,0.96,0,0.01,0,0.99,0,0.67,0,0.2,"ccc","ccc","P"
"287",287,287,1,1.72,0,0.02,0,0.98,0,0.67,0,0.36,"gca","gca","A"
"288",288,288,1,3.43,0,0.02,0,0.98,0,0.67,0,0.73,"gca","gca","A"
"289",289,289,1,0,0,1,0,0,0,1,0,0,"agt","agt","S"
"290",290,290,1,0,0,1,0,0,0,1,0,0,"agc","agc","S"
"291",291,291,1,1.39,0,0.11,0,0.89,0,0.67,0,0.3,"tgc","tgc","C"
"292",292,292,1,4.52,0,0.05,0,0.95,0,0.67,0,0.96,"cac","cac","H"
"293",293,293,1,0,0,1,0,0,0,1,0,0,"aat","aat","N"
"294",294,294,1,0.94,0,0.05,0,0.95,0,0.67,0,0.2,"gcc","gcc","A"
"295",295,295,1,0,0,1,0,0,0,1,0,0,"agt","agt","S"
"296",296,296,1,1.73,0,0.02,0,0.98,0,0.67,0,0.37,"gga","gga","G"
"297",297,297,1,1.1,0,0.04,0,0.96,0,0.67,0,0.23,"aag","aag","K"
"298",298,298,1,0,0,1,0,0,0,1,0,0,"gag","gag","E"
"299",299,299,1,0,0,1,0,0,0,1,0,0,"gca","gca","A"
"300",300,300,1,0,0,1,0,0,0,1,0,0,"aag","aag","K"
"301",301,301,1,0,0,1,0,0,0,1,0,0,"gtt","gtt","V"
"302",302,302,1,0,0,1,0,0,0,1,0,0,"tgc","tgc","C"
"303",303,303,1,3.85,0,0.02,0,0.98,0,0.67,0,0.82,"acc","acc","T"
"304",304,304,1,0,0,1,0,0,0,1,0,0,"att","att","I"
"305",305,305,1,5.67,0,0.01,0,0.99,0,0.67,0,1.21,"agt","agt","S"
"306",306,306,1,1.88,0,0.02,0,0.98,0,0.67,0,0.4,"ccc","ccc","P"
"307",307,307,1,0,0,1,0,0,0,1,0,0,"ata","ata","I"
"308",308,308,1,0,0,1,0,0,0,1,0,0,"atg","atg","M"
"309",309,309,1,1.69,0,0.04,0,0.96,0,0.67,0,0.36,"gga","gga","G"
"310",310,310,1,0,0,1,0,0,0,1,0,0,"tac","tac","Y"
"311",311,311,1,0,0,1,0,0,0,1,0,0,"tca","tca","S"
"312",312,312,1,2.87,0,0.05,0,0.95,0,0.67,0,0.61,"acc","acc","T"
"313",313,313,1,0,0,1,0,0,0,1,0,0,"cca","cca","P"
"314",314,314,1,0,0,1,0,0,0,1,0,0,"tgg","tgg","W"
"315",315,315,1,0,0,1,0,0,0,1,0,0,"aga","aga","R"
"316",316,316,1,2.87,0,0.01,0,0.99,0,0.67,0,0.61,"tat","tat","Y"
"317",317,317,1,1.27,0,0.04,0,0.96,0,0.67,0,0.27,"tta","tta","L"
"318",318,318,1,0,0,1,0,0,0,1,0,0,"gat","gat","D"
"319",319,319,1,2.9,0,0.01,0,0.99,0,0.67,0,0.62,"ttt","ttt","F"
"320",320,320,1,0,0,1,0,0,0,1,0,0,"aat","aat","N"
"321",321,321,1,1.76,0,0.02,0,0.98,0,0.67,0,0.37,"gct","gct","A"
"322",322,322,1,2.52,0,0.01,0,0.99,0,0.67,0,0.54,"tta","tta","L"
"323",323,323,1,5.86,0,0.01,0,0.99,0,0.67,0,1.25,"aat","aat","N"
"324",324,324,1,4.32,0,0.15,0,0.85,0,0.67,0,0.92,"tta","tta","L"
"325",325,325,1,0,0,1,0,0,0,1,0,0,"ttt","ttt","F"
"326",326,326,1,5.92,0,0.02,0,0.98,0,0.67,0,1.26,"ttt","ttt","F"
"327",327,327,1,1.75,0,0.03,0,0.97,0,0.67,0,0.37,"tca","tca","S"
"328",328,328,1,0,0,1,0,0,0,1,0,0,"cct","cct","P"
"329",329,329,1,1.3,1,0.99,0.81,0.01,0,0.67,0,0.86,"tta","tta","L"
"330",330,330,1,3.36,0,0.05,0,0.95,0,0.67,0,0.71,"gag","gag","E"
"331",331,331,1,0,0,1,0,0,0,1,0,0,"ttt","ttt","F"
"332",332,332,1,0,0,1,0,0,0,1,0,0,"cag","cag","Q"
"333",333,333,1,1.66,0,0.05,0,0.95,0,0.67,0,0.35,"cac","cac","H"
"334",334,334,1,1.27,0,0.11,0,0.89,0,0.67,0,0.27,"tta","tta","L"
"335",335,335,1,0,0,1,0,0,0,1,0,0,"att","att","I"
"336",336,336,1,0,0,1,0,0,0,1,0,0,"gaa","gaa","E"
"337",337,337,1,2.14,0,0.02,0,0.98,0,0.67,0,0.45,"aat","aat","N"
"338",338,338,1,0,0,1,0,0,0,1,0,0,"tat","tat","Y"
"339",339,339,1,3.33,0,0.05,0,0.95,0,0.67,0,0.71,"gga","gga","G"
"340",340,340,1,2.86,0,0.02,0,0.98,0,0.67,0,0.61,"agt","agt","S"
"341",341,341,1,0,0,1,0,0,0,1,0,0,"ata","ata","I"
"342",342,342,1,1.72,0,0.01,0,0.99,0,0.67,0,0.37,"gct","gct","A"
"343",343,343,1,1.74,0,0.04,0,0.96,0,0.67,0,0.37,"cct","cct","P"
"344",344,344,1,0,0,1,0,0,0,1,0,0,"gat","gat","D"
"345",345,345,1,0,0,1,0,0,0,1,0,0,"gct","gct","A"
"346",346,346,1,0,0,1,0,0,0,1,0,0,"tta","tta","L"
"347",347,347,1,0,0,0.56,1.3,0.44,0.57,0.41,1,0.33,"act","act","T"
"348",348,348,1,0,0,1,0,0,0,1,0,0,"gta","gta","V"
"349",349,349,1,2.93,0,0.05,0,0.95,0,0.67,0,0.62,"acc","acc","T"
"350",350,350,1,4.51,0,0.02,0,0.98,0,0.67,0,0.96,"ata","ata","I"
"351",351,351,1,0,0,1,0,0,0,1,0,0,"tca","tca","S"
"352",352,352,1,0,0,1,0,0,0,1,0,0,"gaa","gaa","E"
"353",353,353,1,2.02,0,0.02,0,0.98,0,0.67,0,0.43,"att","att","I"
"354",354,354,1,0,0,0.57,1.32,0.43,0.57,0.41,1,0.33,"gct","gct","A"
"355",355,355,1,0,0,1,0,0,0,1,0,0,"gtt","gtt","V"
"356",356,356,1,3.39,0,0.04,0,0.96,0,0.67,0,0.72,"aag","aag","K"
"357",357,357,1,2.84,0,0.01,0,0.99,0,0.67,0,0.6,"gat","gat","D"
"358",358,358,1,1.71,0,0.02,0,0.98,0,0.67,0,0.36,"gtt","gtt","V"
"359",359,359,1,0,0,1,0,0,0,1,0,0,"aca","aca","T"
"360",360,360,1,0,0,1,0,0,0,1,0,0,"gac","gac","D"
"361",361,361,1,0,0,1,0,0,0,1,0,0,"aaa","aaa","K"
"362",362,362,1,0,0,1,0,0,0,1,0,0,"act","act","T"
"363",363,363,1,0,0,1,0,0,0,1,0,0,"gga","gga","G"
"364",364,364,1,1.82,0,0.11,0,0.89,0,0.67,0,0.39,"ggg","ggg","G"
"365",365,365,1,1.97,0,0.02,0,0.98,0,0.67,0,0.42,"ggg","ggg","G"
"366",366,366,1,4.22,0,0.02,0,0.98,0,0.67,0,0.9,"gta","gta","V"
"367",367,367,1,1.29,0,0.05,0,0.95,0,0.67,0,0.27,"cag","cag","Q"
"368",368,368,1,1.75,0,0.02,0,0.98,0,0.67,0,0.37,"gtt","gtt","V"
"369",369,369,1,0,0,1,0,0,0,1,0,0,"act","act","T"
"370",370,370,1,0,0,1,0,0,0,1,0,0,"gac","gac","D"
"371",371,371,1,1.37,0.61,0.57,0.15,0.43,0,0.67,0,0.53,"agc","agc","S"
"372",372,372,1,0,0,1,0,0,0,1,0,0,"act","act","T"
"373",373,373,1,2.79,0,0.05,0,0.95,0,0.67,0,0.59,"aca","aca","T"
"374",374,374,1,0,0,1,0,0,0,1,0,0,"ggg","ggg","G"
"375",375,375,1,2.85,0,0.02,0,0.98,0,0.67,0,0.61,"cgc","cgc","R"
"376",376,376,1,0,0,1,0,0,0,1,0,0,"cta","cta","L"
"377",377,377,1,0,0,1,0,0,0,1,0,0,"tgc","tgc","C"
"378",378,378,1,0,0,1,0,0,0,1,0,0,"atg","atg","M"
"379",379,379,1,0,0,1,0,0,0,1,0,0,"tta","tta","L"
"380",380,380,1,1.45,0,0.09,0,0.91,0,0.67,0,0.31,"gta","gta","V"
"381",381,381,1,0,0,1,0,0,0,1,0,0,"gac","gac","D"
"382",382,382,1,0,0,1,0,0,0,1,0,0,"cat","cat","H"
"383",383,383,1,0,0,1,0,0,0,1,0,0,"gaa","gaa","E"
"384",384,384,1,1.43,0,0.03,0,0.97,0,0.67,0,0.3,"tac","tac","Y"
"385",385,385,1,0,0,1,0,0,0,1,0,0,"aag","aag","K"
"386",386,386,1,2.81,0,0.05,0,0.95,0,0.67,0,0.6,"tac","tac","Y"
"387",387,387,1,1.72,0,0.02,0,0.98,0,0.67,0,0.37,"cca","cca","P"
"388",388,388,1,0,0,1,0,0,0,1,0,0,"tat","tat","Y"
"389",389,389,1,1.66,0,0.02,0,0.98,0,0.67,0,0.35,"gtg","gtg","V"
"390",390,390,1,0,0,1,0,0,0,1,0,0,"tta","tta","L"
"391",391,391,1,0.84,0,0.02,0,0.98,0,0.67,0,0.18,"ggg","ggg","G"
"392",392,392,1,0,0,1,0,0,0,1,0,0,"caa","caa","Q"
"393",393,393,1,1.76,0,0.02,0,0.98,0,0.67,0,0.37,"ggt","ggt","G"
"394",394,394,1,2.8,0,0.04,0,0.96,0,0.67,0,0.6,"cag","cag","Q"
"395",395,395,1,0,0,1,0,0,0,1,0,0,"gat","gat","D"
"396",396,396,1,0,0,1,0,0,0,1,0,0,"act","act","T"
"397",397,397,1,0,0,1,0,0,0,1,0,0,"tta","tta","L"
"398",398,398,1,1.89,0,0.04,0,0.96,0,0.67,0,0.4,"gcc","gcc","A"
"399",399,399,1,1.75,0,0.01,0,0.99,0,0.67,0,0.37,"cca","cca","P"
"400",400,400,1,0,0,1,0,0,0,1,0,0,"gaa","gaa","E"
"401",401,401,1,0,0,1,0,0,0,1,0,0,"ctt","ctt","L"
"402",402,402,1,3.25,0,0.01,0,0.99,0,0.67,0,0.69,"cct","cct","P"
"403",403,403,1,0,0,1,0,0,0,1,0,0,"att","att","I"
"404",404,404,1,0,0,1,0,0,0,1,0,0,"tgg","tgg","W"
"405",405,405,1,5.16,0,0.02,0,0.98,0,0.67,0,1.1,"gta","gta","V"
"406",406,406,1,0,0,1,0,0,0,1,0,0,"tac","tac","Y"
"407",407,407,1,2.88,0,0.02,0,0.98,0,0.67,0,0.61,"ttt","ttt","F"
"408",408,408,1,0.93,0,0.02,0,0.98,0,0.67,0,0.2,"ccc","ccc","P"
"409",409,409,1,1.76,0,0.02,0,0.98,0,0.67,0,0.37,"cct","cct","P"
"410",410,410,1,2.8,0,0.02,0,0.98,0,0.67,0,0.6,"caa","caa","Q"
"411",411,411,1,0,0,1,0,0,0,1,0,0,"tat","tat","Y"
"412",412,412,1,1.74,0,0.02,0,0.98,0,0.67,0,0.37,"gct","gct","A"
"413",413,413,1,0,0,1,0,0,0,1,0,0,"tac","tac","Y"
"414",414,414,1,6.2,0,0.04,0,0.96,0,0.67,0,1.32,"tta","tta","L"
"415",415,415,1,0,0,1,0,0,0,1,0,0,"aca","aca","T"
"416",416,416,1,7.06,0,0.04,0,0.96,0,0.67,0,1.5,"gta","gta","V"
"417",417,417,1,0,0,1,0,0,0,1,0,0,"gga","gga","G"
"418",418,418,1,2.87,0,0.11,0,0.89,0,0.67,0,0.61,"gat","gat","D"
"419",419,419,1,1.7,0,0.02,0,0.98,0,0.67,0,0.36,"gtt","gtt","V"
"420",420,420,1,4.28,0,0.05,0,0.95,0,0.67,0,0.91,"aac","aac","N"
"421",421,421,1,0,0,1,0,0,0,1,0,0,"aca","aca","T"
"422",422,422,1,0,0,1,0,0,0,1,0,0,"caa","caa","Q"
"423",423,423,1,0,0,1,0,0,0,1,0,0,"gga","gga","G"
"424",424,424,1,4.1,4.1,0.14,0,0.86,0,0.67,0,1.22,"att","att","I"
"425",425,425,1,0,0,1,0,0,0,1,0,0,"tct","tct","S"
"426",426,426,1,0,0,1,0,0,0,1,0,0,"gga","gga","G"
"427",427,427,1,1.39,0,0.02,0,0.98,0,0.67,0,0.3,"gac","gac","D"
"428",428,428,1,1.39,0,0.19,0,0.81,0,0.67,0,0.3,"agc","agc","S"
"429",429,429,1,0,0,1,0,0,0,1,0,0,"aaa","aaa","K"
"430",430,430,1,2.83,0,0.11,0,0.89,0,0.67,0,0.6,"aaa","aaa","K"
"431",431,431,1,2.57,0,0.02,0,0.98,0,0.67,0,0.55,"tta","tta","L"
"432",432,432,1,0,0,1,0,0,0,1,0,0,"gca","gca","A"
"433",433,433,1,0,0,1,0,0,0,1,0,0,"agt","agt","S"
"434",434,434,1,0,0,1,0,0,0,1,0,0,"gaa","gaa","E"
"435",435,435,1,0,0,1,0,0,0,1,0,0,"gaa","gaa","E"
"436",436,436,1,1.76,0,0.01,0,0.99,0,0.67,0,0.37,"tca","tca","S"
"437",437,437,1,1.72,0,0.01,0,0.99,0,0.67,0,0.37,"gca","gca","A"
"438",438,438,1,0,0,1,0,0,0,1,0,0,"ttt","ttt","F"
"439",439,439,1,0,0,1,0,0,0,1,0,0,"tat","tat","Y"
"440",440,440,1,0,0,1,0,0,0,1,0,0,"gtt","gtt","V"
"441",441,441,1,2.29,0,0.01,0,0.99,0,0.67,0,0.49,"ttg","ttg","L"
"442",442,442,1,2.85,0,0.11,0,0.89,0,0.67,0,0.61,"gaa","gaa","E"
"443",443,443,1,1.39,0,0.19,0,0.81,0,0.67,0,0.3,"cac","cac","H"
"444",444,444,1,0,0,1,0,0,0,1,0,0,"agt","agt","S"
"445",445,445,1,0,0,1,0,0,0,1,0,0,"tct","tct","S"
"446",446,446,1,0,0,1,0,0,0,1,0,0,"ttt","ttt","F"
"447",447,447,1,0,0,0.52,1.51,0.48,1,0.32,1,0.42,"cag","cag","Q"
"448",448,448,1,0,0,1,0,0,0,1,0,0,"ctt","ctt","L"
"449",449,449,1,3.61,0,0.02,0,0.98,0,0.67,0,0.77,"tta","tta","L"
"450",450,450,1,1.75,0,0.05,0,0.95,0,0.67,0,0.37,"ggt","ggt","G"
"451",451,451,1,0,0,1,0,0,0,1,0,0,"aca","aca","T"
"452",452,452,1,3.51,0,0.14,0,0.86,0,0.67,0,0.75,"gga","gga","G"
"453",453,453,1,5.32,0,0.01,0,0.99,0,0.67,0,1.13,"ggt","ggt","G"
"454",454,454,1,0,0,1,0,0,0,1,0,0,"aca","aca","T"
"455",455,455,1,0,0,1,0,0,0,1,0,0,"gca","gca","A"
"456",456,456,1,1.71,0,0.01,0,0.99,0,0.67,0,0.36,"act","act","T"
"457",457,457,1,0,0,1,0,0,0,1,0,0,"atg","atg","M"
"458",458,458,1,1.35,0,0.05,0,0.95,0,0.67,0,0.29,"tct","tct","S"
"459",459,459,1,8.22,0,0.05,0,0.95,0,0.67,0,1.75,"tat","tat","Y"
"460",460,460,1,0,0,1,0,0,0,1,0,0,"aag","aag","K"
"461",461,461,1,2.91,0,0.02,0,0.98,0,0.67,0,0.62,"ttt","ttt","F"
"462",462,462,1,0,0,1,0,0,0,1,0,0,"cct","cct","P"
"463",463,463,1,0,0,0.64,6.6,0.36,2.27,0.16,4,1.39,"cca","cca","P"
"464",464,464,1,0.82,0,0.02,0,0.98,0,0.67,0,0.18,"gtg","gtg","V"
"465",465,465,1,0.94,0,0.03,0,0.97,0,0.67,0,0.2,"ccc","ccc","P"
"466",466,466,1,0,0,1,0,0,0,1,0,0,"cca","cca","P"
"467",467,467,1,8.65,0,0.04,0,0.96,0,0.67,0,1.84,"gaa","gaa","E"
"468",468,468,1,0,0,1,0,0,0,1,0,0,"aat","aat","N"
"469",469,469,1,0,0,1,0,0,0,1,0,0,"tta","tta","L"
"470",470,470,1,1.1,0,0.11,0,0.89,0,0.67,0,0.23,"gag","gag","E"
"471",471,471,1,0,0,1,0,0,0,1,0,0,"ggc","ggc","G"
"472",472,472,1,7.33,0,0.01,0,0.99,0,0.67,0,1.56,"tgc","tgc","C"
"473",473,473,1,0,0,1,0,0,0,1,0,0,"agt","agt","S"
"474",474,474,1,2.84,0,0.02,0,0.98,0,0.67,0,0.6,"caa","caa","Q"
"475",475,475,1,0,0,1,0,0,0,1,0,0,"cac","cac","H"
"476",476,476,1,0,0,1,0,0,0,1,0,0,"ttt","ttt","F"
"477",477,477,1,0,0,1,0,0,0,1,0,0,"tat","tat","Y"
"478",478,478,1,0,0,1,0,0,0,1,0,0,"gaa","gaa","E"
"479",479,479,1,0,0,1,0,0,0,1,0,0,"atg","atg","M"
"480",480,480,1,3.05,0,0.04,0,0.96,0,0.67,0,0.65,"tac","tac","Y"
"481",481,481,1,5.74,0,0.02,0,0.98,0,0.67,0,1.22,"aat","aat","N"
"482",482,482,1,1.89,0,0.01,0,0.99,0,0.67,0,0.4,"ccc","ccc","P"
"483",483,483,1,1.28,0,0.04,0,0.96,0,0.67,0,0.27,"tta","tta","L"
"484",484,484,1,4.35,0,0.04,0,0.96,0,0.67,0,0.93,"tac","tac","Y"
"485",485,485,1,1.73,0,0.02,0,0.98,0,0.67,0,0.37,"gga","gga","G"
"486",486,486,1,4.63,0,0.04,0,0.96,0,0.67,0,0.99,"tcc","tcc","S"
"487",487,487,1,0.94,0,0.03,0,0.97,0,0.67,0,0.2,"cgc","cgc","R"
"488",488,488,1,0,0,1,0,0,0,1,0,0,"tta","tta","L"
"489",489,489,1,1.66,0,0.02,0,0.98,0,0.67,0,0.35,"ggg","ggg","G"
"490",490,490,1,8.75,0,0.05,0,0.95,0,0.67,0,1.86,"gtt","gtt","V"
"491",491,491,1,0,0,1,0,0,0,1,0,0,"cct","cct","P"
"492",492,492,1,1.39,0,0.02,0,0.98,0,0.67,0,0.3,"gac","gac","D"
"493",493,493,1,0,0,1,0,0,0,1,0,0,"aca","aca","T"
"494",494,494,1,1.28,0,0.01,0,0.99,0,0.67,0,0.27,"tta","tta","L"
"495",495,495,1,0,0,1,0,0,0,1,0,0,"gga","gga","G"
"496",496,496,1,1.69,0,0.11,0,0.89,0,0.67,0,0.36,"ggt","ggt","G"
"497",497,497,1,0,0,1,0,0,0,1,0,0,"gac","gac","D"
"498",498,498,1,1.74,0,0.04,0,0.96,0,0.67,0,0.37,"cca","cca","P"
"499",499,499,1,0,0,1,0,0,0,1,0,0,"aaa","aaa","K"
"500",500,500,1,0,0,1,0,0,0,1,0,0,"ttt","ttt","F"
"501",501,501,1,0,0,1,0,0,0,1,0,0,"aga","aga","R"
"502",502,502,1,0,0,0.5,1.3,0.5,0.64,0.39,1,0.38,"tct","tct","S"
"503",503,503,1,0,0,1,0,0,0,1,0,0,"tta","tta","L"
"504",504,504,1,1.71,0,0.02,0,0.98,0,0.67,0,0.36,"aca","aca","T"
"505",505,505,1,0,0,1,0,0,0,1,0,0,"cat","cat","H"
"506",506,506,1,0,0,1,0,0,0,1,0,0,"gaa","gaa","E"
"507",507,507,1,0,0,1,0,0,0,1,0,0,"gac","gac","D"
"508",508,508,1,2.88,0,0.02,0,0.98,0,0.67,0,0.61,"cat","cat","H"
"509",509,509,1,1.68,0,0.02,0,0.98,0,0.67,0,0.36,"gca","gca","A"
"510",510,510,1,0,0,1,0,0,0,1,0,0,"att","att","I"
"511",511,511,1,1.1,0,0.02,0,0.98,0,0.67,0,0.23,"cag","cag","Q"
"512",512,512,1,0.94,0,0.03,0,0.97,0,0.67,0,0.2,"ccc","ccc","P"
"513",513,513,1,0,0,1,0,0,0,1,0,0,"caa","caa","Q"
"514",514,514,1,1.39,0,0.02,0,0.98,0,0.67,0,0.29,"aac","aac","N"
"515",515,515,1,9.31,0,0.05,0,0.95,0,0.67,0,1.98,"ttc","ttc","F"
"516",516,516,1,0,0,1,0,0,0,1,0,0,"atg","atg","M"
"517",517,517,1,5.05,0,0.11,0,0.89,0,0.67,0,1.08,"cca","cca","P"
"518",518,518,1,0,0,1,0,0,0,1,0,0,"ggg","ggg","G"
"519",519,519,1,5.43,0,0.01,0,0.99,0,0.67,0,1.15,"cca","cca","P"
"520",520,520,1,0,0,1,0,0,0,1,0,0,"cta","cta","L"
"521",521,521,1,1.71,0,0.01,0,0.99,0,0.67,0,0.36,"gta","gta","V"
"522",522,522,1,1.4,0,0.02,0,0.98,0,0.67,0,0.3,"aac","aac","N"
"523",523,523,1,0,0,1,0,0,0,1,0,0,"tca","tca","S"
"524",524,524,1,0.82,0,0.04,0,0.96,0,0.67,0,0.17,"gtg","gtg","V"
"525",525,525,1,0,0,1,0,0,0,1,0,0,"tct","tct","S"
"526",526,526,1,0,0,1,0,0,0,1,0,0,"aca","aca","T"
"527",527,527,1,0,0,1,0,0,0,1,0,0,"aag","aag","K"
"528",528,528,1,0,0,1,0,0,0,1,0,0,"gag","gag","E"
"529",529,529,1,0,0,1,0,0,0,1,0,0,"gga","gga","G"
"530",530,530,1,0,0,1,0,0,0,1,0,0,"gac","gac","D"
"531",531,531,1,1.38,0.48,0.54,0.32,0.46,0,0.67,0,0.53,"agc","agc","S"
"532",532,532,1,1.72,0,0.04,0,0.96,0,0.67,0,0.37,"tct","tct","S"
"533",533,533,1,0,0,0,1.5,1,0.98,0.32,3,0.88,"aat","aat","N"
"534",534,534,1,0,0,1,0,0,0,1,0,0,"act","act","T"
"535",535,535,1,0,0,1,0,0,0,1,0,0,"gga","gga","G"
"536",536,536,1,0,0,1,0,0,0,1,0,0,"gct","gct","A"
"537",537,537,1,0,0,1,0,0,0,1,0,0,"gga","gga","G"
"538",538,538,1,0,0,1,0,0,0,1,0,0,"aaa","aaa","K"
"539",539,539,1,0.94,0,0.02,0,0.98,0,0.67,0,0.2,"gcc","gcc","A"
"540",540,540,1,1.28,0,0.01,0,0.99,0,0.67,0,0.27,"tta","tta","L"
"541",541,541,1,0,0,1,0,0,0,1,0,0,"aca","aca","T"
"542",542,542,1,0.94,0,0.01,0,0.99,0,0.67,0,0.2,"ggc","ggc","G"
"543",543,543,1,0,0,1,0,0,0,1,0,0,"ctt","ctt","L"
"544",544,544,1,4.62,0,0.02,0,0.98,0,0.67,0,0.98,"agc","agc","S"
"545",545,545,1,3.48,0,0.03,0,0.97,0,0.67,0,0.74,"aca","aca","T"
"546",546,546,1,1.76,0,0.02,0,0.98,0,0.67,0,0.38,"ggt","ggt","G"
"547",547,547,1,0,0,1,0,0,0,1,0,0,"acc","acc","T"
"548",548,548,1,5.13,0,0.01,0,0.99,0,0.67,0,1.09,"tct","tct","S"
"549",549,549,1,2.8,0,0.02,0,0.98,0,0.67,0,0.6,"caa","caa","Q"
"550",550,550,1,1.45,0,0.02,0,0.98,0,0.67,0,0.31,"aac","aac","N"
"551",551,551,1,6.86,0,0.02,0,0.98,0,0.67,0,1.46,"act","act","T"
"552",552,552,1,0,0,1,0,0,0,1,0,0,"aga","aga","R"
"553",553,553,1,4.24,0,0.02,0,0.98,0,0.67,0,0.9,"ata","ata","I"
"554",554,554,1,0.94,0,0.05,0,0.95,0,0.67,0,0.2,"tcc","tcc","S"
"555",555,555,1,1.18,0,0.04,0,0.96,0,0.67,0,0.25,"tta","tta","L"
"556",556,556,1,0.93,0,0.05,0,0.95,0,0.67,0,0.2,"cgc","cgc","R"
"557",557,557,1,0,0,1,0,0,0,1,0,0,"cct","cct","P"
"558",558,558,1,0.83,0,0.04,0,0.96,0,0.67,0,0.18,"ggg","ggg","G"
"559",559,559,1,1.72,0,0.02,0,0.98,0,0.67,0,0.37,"cca","cca","P"
"560",560,560,1,0.82,0,0.04,0,0.96,0,0.67,0,0.18,"gtg","gtg","V"
"561",561,561,1,0,0,1,0,0,0,1,0,0,"tct","tct","S"
"562",562,562,1,1.1,0,0.03,0,0.97,0,0.67,0,0.23,"cag","cag","Q"
"563",563,563,1,4.55,0,0.04,0,0.96,0,0.67,0,0.97,"cca","cca","P"
"564",564,564,1,1.66,0,0.04,0,0.96,0,0.67,0,0.35,"tac","tac","Y"
"565",565,565,1,0,0,1,0,0,0,1,0,0,"cac","cac","H"
"566",566,566,1,2.87,0,0.02,0,0.98,0,0.67,0,0.61,"cac","cac","H"
"567",567,567,1,0,0,1,0,0,0,1,0,0,"tgg","tgg","W"
"568",568,568,1,1.39,0,0.05,0,0.95,0,0.67,0,0.3,"gac","gac","D"
"569",569,569,1,0,0,1,0,0,0,1,0,0,"aca","aca","T"
"570",570,570,1,0,0,1,0,0,0,1,0,0,"gat","gat","D"
"571",571,571,1,5.92,0,0.02,0,0.98,0,0.67,0,1.26,"aaa","aaa","K"
"572",572,572,1,2.89,0,0.02,0,0.98,0,0.67,0,0.61,"tat","tat","Y"
"573",573,573,1,1.89,0,0.02,0,0.98,0,0.67,0,0.4,"gtc","gtc","V"
"574",574,574,1,5.23,0,0.04,0,0.96,0,0.67,0,1.11,"aca","aca","T"
"575",575,575,1,1.7,0,0.01,0,0.99,0,0.67,0,0.36,"gga","gga","G"
"576",576,576,1,0,0,1,0,0,0,1,0,0,"ata","ata","I"
"577",577,577,1,0,0,1,0,0,0,1,0,0,"aat","aat","N"
"578",578,578,1,0.95,0,0.02,0,0.98,0,0.67,0,0.2,"gcc","gcc","A"
"579",579,579,1,1.98,0,0.02,0,0.98,0,0.67,0,0.42,"att","att","I"
"580",580,580,1,0,0,1,0,0,0,1,0,0,"tct","tct","S"
"581",581,581,1,0,0,1,0,0,0,1,0,0,"cat","cat","H"
"582",582,582,1,0,0,1,0,0,0,1,0,0,"ggt","ggt","G"
"583",583,583,1,4,0,0.02,0,0.98,0,0.67,0,0.85,"cag","cag","Q"
"584",584,584,1,0,0,1,0,0,0,1,0,0,"acc","acc","T"
"585",585,585,1,3.56,0,0.03,0,0.97,0,0.67,0,0.76,"act","act","T"
"586",586,586,1,0,0,1,0,0,0,1,0,0,"tat","tat","Y"
"587",587,587,1,1.72,0,0.19,0,0.81,0,0.67,0,0.37,"ggt","ggt","G"
"588",588,588,1,3.29,0.67,0.52,0.38,0.48,0,0.67,0,1.01,"aac","aac","N"
"589",589,589,1,0,0,1,0,0,0,1,0,0,"gct","gct","A"
"590",590,590,1,0,0,1,0,0,0,1,0,0,"gaa","gaa","E"
"591",591,591,1,1.66,0,0.02,0,0.98,0,0.67,0,0.35,"gac","gac","D"
"592",592,592,1,0,0,1,0,0,0,1,0,0,"aaa","aaa","K"
"593",593,593,1,1.1,0,0.05,0,0.95,0,0.67,0,0.23,"gag","gag","E"
"594",594,594,1,2.91,2.91,0.26,0,0.74,0,0.67,0,1.06,"tat","tat","Y"
"595",595,595,1,0,0,1,0,0,0,1,0,0,"cag","cag","Q"
"596",596,596,1,0,0,1,0,0,0,1,0,0,"caa","caa","Q"
"597",597,597,1,0,0,1,0,0,0,1,0,0,"gga","gga","G"
"598",598,598,1,0.83,0,0.11,0,0.89,0,0.67,0,0.18,"gtg","gtg","V"
"599",599,599,1,3.37,3.37,0.15,0,0.85,0,0.67,0,1.01,"ggt","ggt","G"
"600",600,600,1,4.11,4.11,0.24,0,0.76,0,0.67,0,1.46,"aga","aga","R"
"601",601,601,1,0,0,1,0,0,0,1,0,0,"ttt","ttt","F"
"602",602,602,1,3.59,0,0.02,0,0.98,0,0.67,0,0.76,"cca","cca","P"
"603",603,603,1,0,0,0.21,2.18,0.79,1.02,0.31,3,1.01,"aat","aat","N"
"604",604,604,1,0,0,0.97,103.69,0.03,7.9,0.01,2,1.79,"gaa","gaa","E"
"605",605,605,1,0,0,0.49,1.21,0.51,0.37,0.47,1,0.36,"aaa","aaa","K"
"606",606,606,1,4.87,0,0.09,0,0.91,0,0.67,0,1.03,"gaa","gaa","E"
"607",607,607,1,0,0,1,0,0,0,1,0,0,"cag","cag","Q"
"608",608,608,1,0.89,0,0.11,0,0.89,0,0.67,0,0.19,"cta","cta","L"
"609",609,609,1,2.91,0,0.02,0,0.98,0,0.67,0,0.62,"aaa","aaa","K"
"610",610,610,1,0,0,1,0,0,0,1,0,0,"cag","cag","Q"
"611",611,611,1,0,0,1,0,0,0,1,0,0,"tta","tta","L"
"612",612,612,1,1.15,0,0.11,0,0.89,0,0.67,0,0.25,"cag","cag","Q"
"613",613,613,1,0,0,1,0,0,0,1,0,0,"ggt","ggt","G"
"614",614,614,1,0,0,1,0,0,0,1,0,0,"tta","tta","L"
"615",615,615,1,1.46,0,0.04,0,0.96,0,0.67,0,0.31,"aac","aac","N"
"616",616,616,1,0,0,1,0,0,0,1,0,0,"atg","atg","M"
"617",617,617,1,0,0,1,0,0,0,1,0,0,"cac","cac","H"
"618",618,618,1,0,0,1,0,0,0,1,0,0,"acc","acc","T"
"619",619,619,1,3.83,0,0.11,0,0.89,0,0.67,0,0.81,"tac","tac","Y"
"620",620,620,1,2.98,0,0.02,0,0.98,0,0.67,0,0.63,"ttt","ttt","F"
"621",621,621,1,3.02,1.09,0.53,0.01,0.47,0,0.67,0,0.98,"ccc","ccc","P"
"622",622,622,1,0,0,1,0,0,0,1,0,0,"aat","aat","N"
"623",623,623,1,0,0,1,0,0,0,1,0,0,"aaa","aaa","K"
"624",624,624,1,0,0,1,0,0,0,1,0,0,"gga","gga","G"
"625",625,625,1,0.99,0,0.03,0,0.97,0,0.67,0,0.21,"acc","acc","T"
"626",626,626,1,1.16,0,0.03,0,0.97,0,0.67,0,0.25,"cag","cag","Q"
"627",627,627,1,0,0,1,0,0,0,1,0,0,"caa","caa","Q"
"628",628,628,1,0,0,1,0,0,0,1,0,0,"tat","tat","Y"
"629",629,629,1,1.78,0,0.02,0,0.98,0,0.67,0,0.38,"aca","aca","T"
"630",630,630,1,0,0,1,0,0,0,1,0,0,"gat","gat","D"
"631",631,631,1,0,0,1,0,0,0,1,0,0,"caa","caa","Q"
"632",632,632,1,0,0,1,0,0,0,1,0,0,"att","att","I"
"633",633,633,1,0,0,1,0,0,0,1,0,0,"gag","gag","E"
"634",634,634,1,4.17,0,0.1,0,0.9,0,0.67,0,0.89,"cgc","cgc","R"
"635",635,635,1,0.98,0,0.01,0,0.99,0,0.67,0,0.21,"ccc","ccc","P"
"636",636,636,1,1.81,0,0.11,0,0.89,0,0.67,0,0.39,"cta","cta","L"
"637",637,637,1,0,0,1,0,0,0,1,0,0,"atg","atg","M"
"638",638,638,1,1.75,0,0.03,0,0.97,0,0.67,0,0.37,"gtg","gtg","V"
"639",639,639,1,1.79,0,0.01,0,0.99,0,0.67,0,0.38,"ggt","ggt","G"
"640",640,640,1,5.44,0,0.01,0,0.99,0,0.67,0,1.16,"tct","tct","S"
"641",641,641,1,3.57,0,0.03,0,0.97,0,0.67,0,0.76,"gta","gta","V"
"642",642,642,1,0,0,1,0,0,0,1,0,0,"tgg","tgg","W"
"643",643,643,1,1.46,0,0.02,0,0.98,0,0.67,0,0.31,"aac","aac","N"
"644",644,644,1,0,0,1,0,0,0,1,0,0,"aga","aga","R"
"645",645,645,1,0,0,1,0,0,0,1,0,0,"aga","aga","R"
"646",646,646,1,1.99,0,0.02,0,0.98,0,0.67,0,0.42,"gcc","gcc","A"
"647",647,647,1,1.81,0,0.01,0,0.99,0,0.67,0,0.39,"ctt","ctt","L"
"648",648,648,1,0,0,1,0,0,0,1,0,0,"cac","cac","H"
"649",649,649,1,0,0,1,0,0,0,1,0,0,"tat","tat","Y"
"650",650,650,1,0,0,1,0,0,0,1,0,0,"gaa","gaa","E"
"651",651,651,1,1.49,0,0.28,0,0.72,0,0.67,0,0.32,"agc","agc","S"
"652",652,652,1,0,0,1,0,0,0,1,0,0,"cag","cag","Q"
"653",653,653,1,1.16,0,0.04,0,0.96,0,0.67,0,0.25,"ctg","ctg","L"
"654",654,654,1,0,0,1,0,0,0,1,0,0,"tgg","tgg","W"
"655",655,655,1,0,0,1,0,0,0,1,0,0,"agt","agt","S"
"656",656,656,1,0,0,1,0,0,0,1,0,0,"aaa","aaa","K"
"657",657,657,1,0,0,1,0,0,0,1,0,0,"att","att","I"
"658",658,658,1,0,0,1,0,0,0,1,0,0,"cca","cca","P"
"659",659,659,1,0,0,1,0,0,0,1,0,0,"aat","aat","N"
"660",660,660,1,2.51,0,0.03,0,0.97,0,0.67,0,0.53,"tta","tta","L"
"661",661,661,1,0,0,1,0,0,0,1,0,0,"gat","gat","D"
"662",662,662,1,1.46,0,0.02,0,0.98,0,0.67,0,0.31,"gac","gac","D"
"663",663,663,1,0,0,1,0,0,0,1,0,0,"agt","agt","S"
"664",664,664,1,0,0,1,0,0,0,1,0,0,"ttt","ttt","F"
"665",665,665,1,0,0,1,0,0,0,1,0,0,"aaa","aaa","K"
"666",666,666,1,1.82,0,0.02,0,0.98,0,0.67,0,0.39,"act","act","T"
"667",667,667,1,0,0,1,0,0,0,1,0,0,"cag","cag","Q"
"668",668,668,1,0,0,1,0,0,0,1,0,0,"ttt","ttt","F"
"669",669,669,1,0,0,1,0,0,0,1,0,0,"gca","gca","A"
"670",670,670,1,0,0,1,0,0,0,1,0,0,"gcc","gcc","A"
"671",671,671,1,0,0,1,0,0,0,1,0,0,"tta","tta","L"
"672",672,672,1,1.82,0,0.02,0,0.98,0,0.67,0,0.39,"gga","gga","G"
"673",673,673,1,3.82,0,0.05,0,0.95,0,0.67,0,0.81,"gga","gga","G"
"674",674,674,1,0,0,1,0,0,0,1,0,0,"tgg","tgg","W"
"675",675,675,1,0,0,1,0,0,0,1,0,0,"ggt","ggt","G"
"676",676,676,1,2.47,0,0.02,0,0.98,0,0.67,0,0.53,"ttg","ttg","L"
"677",677,677,1,0,0,1,0,0,0,1,0,0,"cat","cat","H"
"678",678,678,1,1.15,0.92,0.75,0.32,0.25,0,0.67,0,0.7,"cag","cag","Q"
"679",679,679,1,0,0,1,0,0,0,1,0,0,"cca","cca","P"
"680",680,680,1,0,0,1,0,0,0,1,0,0,"cct","cct","P"
"681",681,681,1,1.85,0,0.04,0,0.96,0,0.67,0,0.39,"cct","cct","P"
"682",682,682,1,2.99,0,0.01,0,0.99,0,0.67,0,0.64,"caa","caa","Q"
"683",683,683,1,0,0,1,0,0,0,1,0,0,"ata","ata","I"
"684",684,684,1,0,0,1,0,0,0,1,0,0,"ttt","ttt","F"
"685",685,685,1,1.35,0,0.2,0,0.8,0,0.67,0,0.29,"tta","tta","L"
"686",686,686,1,2.93,0,0.02,0,0.98,0,0.67,0,0.62,"aaa","aaa","K"
"687",687,687,1,4.73,0,0.02,0,0.98,0,0.67,0,1.01,"ata","ata","I"
"688",688,688,1,4.16,0,0.01,0,0.99,0,0.67,0,0.88,"tta","tta","L"
"689",689,689,1,0,0,0.56,1.28,0.44,0.54,0.42,1,0.33,"cca","cca","P"
"690",690,690,1,0,0,1,0,0,0,1,0,0,"caa","caa","Q"
"691",691,691,1,0,0,1,0,0,0,1,0,0,"agt","agt","S"
"692",692,692,1,0,0,1,0,0,0,1,0,0,"ggg","ggg","G"
"693",693,693,1,2.91,0,0.01,0,0.99,0,0.67,0,0.62,"cca","cca","P"
"694",694,694,1,0,0,0.57,1.41,0.43,0.52,0.42,1,0.35,"att","att","I"
"695",695,695,1,0,0,1,0,0,0,1,0,0,"gga","gga","G"
"696",696,696,1,1.8,0,0.05,0,0.95,0,0.67,0,0.38,"ggt","ggt","G"
"697",697,697,1,0,0,1,0,0,0,1,0,0,"att","att","I"
"698",698,698,1,0,0,1,0,0,0,1,0,0,"aaa","aaa","K"
"699",699,699,1,0,0,1,0,0,0,1,0,0,"tca","tca","S"
"700",700,700,1,0,0,1,0,0,0,1,0,0,"atg","atg","M"
"701",701,701,1,3.61,0,0.11,0,0.89,0,0.67,0,0.77,"gga","gga","G"
"702",702,702,1,2.08,1.65,0.35,0.04,0.65,0,0.67,0,0.8,"att","att","I"
"703",703,703,1,0,0,1,0,0,0,1,0,0,"act","act","T"
"704",704,704,1,0,0,1,0,0,0,1,0,0,"acc","acc","T"
"705",705,705,1,2.72,0,0.07,0,0.93,0,0.67,0,0.58,"tta","tta","L"
"706",706,706,1,0,0,1,0,0,0,1,0,0,"gtt","gtt","V"
"707",707,707,1,0,0,1,0,0,0,1,0,0,"cag","cag","Q"
"708",708,708,1,0,0,1,0,0,0,1,0,0,"tat","tat","Y"
"709",709,709,1,7.75,0,0.01,0,0.99,0,0.67,0,1.65,"gcc","gcc","A"
"710",710,710,1,0.86,0.82,0.64,0.28,0.36,0,0.67,0,0.55,"gtg","gtg","V"
"711",711,711,1,1.82,0,0.01,0,0.99,0,0.67,0,0.39,"gga","gga","G"
"712",712,712,1,0,0,1,0,0,0,1,0,0,"att","att","I"
"713",713,713,1,0,0,0.99,201.86,0.01,0.68,0.38,1,1.13,"atg","atg","M"
"714",714,714,1,0,0,1,0,0,0,1,0,0,"aca","aca","T"
"715",715,715,1,3.66,0,0.03,0,0.97,0,0.67,0,0.78,"gta","gta","V"
"716",716,716,1,3,0,0.02,0,0.98,0,0.67,0,0.64,"act","act","T"
"717",717,717,1,0,0,1,0,0,0,1,0,0,"atg","atg","M"
"718",718,718,1,0,0,1,0,0,0,1,0,0,"aca","aca","T"
"719",719,719,1,0,0,1,0,0,0,1,0,0,"ttt","ttt","F"
"720",720,720,1,2.94,0,0.02,0,0.98,0,0.67,0,0.63,"aaa","aaa","K"
"721",721,721,1,0.78,0,0.11,0,0.89,0,0.67,0,0.17,"ttg","ttg","L"
"722",722,722,1,2,0,0.03,0,0.97,0,0.67,0,0.42,"ggg","ggg","G"
"723",723,723,1,0,0,1,0,0,0,1,0,0,"ccc","ccc","P"
"724",724,724,1,1.79,0,0.01,0,0.99,0,0.67,0,0.38,"cgt","cgt","R"
"725",725,725,1,0,0,1,0,0,0,1,0,0,"aaa","aaa","K"
"726",726,726,1,5.76,0,0.04,0,0.96,0,0.67,0,1.22,"gct","gct","A"
"727",727,727,1,0.98,0,0.02,0,0.98,0,0.67,0,0.21,"acg","acg","T"
"728",728,728,1,0,0,1,0,0,0,1,0,0,"gga","gga","G"
"729",729,729,1,0,0,1,0,0,0,1,0,0,"cgg","cgg","R"
"730",730,730,1,0,0,1,0,0,0,1,0,0,"tgg","tgg","W"
"731",731,731,1,3.01,0,0.05,0,0.95,0,0.67,0,0.64,"aat","aat","N"
"732",732,732,1,0,0,1,0,0,0,1,0,0,"cct","cct","P"
"733",733,733,1,5.66,0,0.04,0,0.96,0,0.67,0,1.2,"caa","caa","Q"
"734",734,734,1,3.77,0,0.11,0,0.89,0,0.67,0,0.8,"cct","cct","P"
"735",735,735,1,1.83,0,0.05,0,0.95,0,0.67,0,0.39,"gga","gga","G"
"736",736,736,1,0,0,1,0,0,0,1,0,0,"gta","gta","V"
"737",737,737,1,0,0,1,0,0,0,1,0,0,"tat","tat","Y"
"738",738,738,1,1,0,0.03,0,0.97,0,0.67,0,0.21,"ccc","ccc","P"
"739",739,739,1,0.87,0,0.02,0,0.98,0,0.67,0,0.18,"ccg","ccg","P"
"740",740,740,1,0,0,0.56,1.2,0.44,0.61,0.4,1,0.31,"cac","cac","H"
"741",741,741,1,0,0,1,0,0,0,1,0,0,"gca","gca","A"
"742",742,742,1,0,0,1,0,0,0,1,0,0,"gca","gca","A"
"743",743,743,1,0,0,1,0,0,0,1,0,0,"ggt","ggt","G"
"744",744,744,1,0,0,1,0,0,0,1,0,0,"cat","cat","H"
"745",745,745,1,0,0,1,0,0,0,1,0,0,"tta","tta","L"
"746",746,746,1,0,0,0.55,1.28,0.45,0.54,0.42,1,0.34,"cca","cca","P"
"747",747,747,1,0,0,1,0,0,0,1,0,0,"tat","tat","Y"
"748",748,748,1,3.67,0,0.11,0,0.89,0,0.67,0,0.78,"gta","gta","V"
"749",749,749,1,0.9,0,0.02,0,0.98,0,0.67,0,0.19,"cta","cta","L"
"750",750,750,1,0,0,1,0,0,0,1,0,0,"tat","tat","Y"
"751",751,751,1,0,0,1,0,0,0,1,0,0,"gac","gac","D"
"752",752,752,1,2.01,0,0.02,0,0.98,0,0.67,0,0.43,"ccc","ccc","P"
"753",753,753,1,0,0,1,0,0,0,1,0,0,"aca","aca","T"
"754",754,754,1,0,0,1,0,0,0,1,0,0,"gct","gct","A"
"755",755,755,1,0,0,1,0,0,0,1,0,0,"aca","aca","T"
"756",756,756,1,2.8,0,0.02,0,0.98,0,0.67,0,0.6,"gat","gat","D"
"757",757,757,1,0,0,1,0,0,0,1,0,0,"gca","gca","A"
"758",758,758,1,0,0,1,0,0,0,1,0,0,"aaa","aaa","K"
"759",759,759,1,8.33,0,0.01,0,0.99,0,0.67,0,1.77,"caa","caa","Q"
"760",760,760,1,0,0,1,0,0,0,1,0,0,"cac","cac","H"
"761",761,761,1,0,0,1,0,0,0,1,0,0,"cac","cac","H"
"762",762,762,1,0,0,1,0,0,0,1,0,0,"aga","aga","R"
"763",763,763,1,0,0,1,0,0,0,1,0,0,"cat","cat","H"
"764",764,764,1,0,0,1,0,0,0,1,0,0,"gga","gga","G"
"765",765,765,1,0,0,1,0,0,0,1,0,0,"tat","tat","Y"
"766",766,766,1,2.95,0,0.01,0,0.99,0,0.67,0,0.63,"gaa","gaa","E"
"767",767,767,1,0,0,1,0,0,0,1,0,0,"aag","aag","K"
"768",768,768,1,0,0,1,0,0,0,1,0,0,"cct","cct","P"
"769",769,769,1,0,0,1,0,0,0,1,0,0,"gaa","gaa","E"
"770",770,770,1,3.01,0,0.11,0,0.89,0,0.67,0,0.64,"gaa","gaa","E"
"771",771,771,1,0.79,0,0.02,0,0.98,0,0.67,0,0.17,"ttg","ttg","L"
"772",772,772,1,0,0,1,0,0,0,1,0,0,"tgg","tgg","W"
